Area,Perimetro,Circularidad,Color_Std,Asimetria,Diagnostico_General,Tipo_Especifico
50281.0,1588.0,0.250560596500118,10.476685434074838,0.0754345491428344,0,Lentigo
56125.0,1881.0,0.1993373254441809,11.044827187369377,0.0764886149021843,0,Lentigo
46400.0,2118.0,0.1299798205467291,12.103725385780017,0.2352966530893731,0,Lentigo
59496.0,1733.0,0.2489433371453474,26.07431392570053,0.0803401852194228,0,Lentigo
58946.0,2260.0,0.1450264864582222,13.217455666546437,0.0746093948801465,0,Lentigo
59735.0,907.0,0.9124816886044292,15.671481979281609,0.0664088656756394,0,Lentigo
19256.0,534.0,0.8485812416715771,29.489721620924485,0.1469595471776497,0,Lentigo
1944.0,244.0,0.41032357689993,26.19865474041712,0.477120822622108,0,Lentigo
63378.0,928.0,0.924809839473162,15.949504290195852,0.0190283847962258,0,Lentigo
58372.0,1707.0,0.2517371989768082,12.35478920024772,0.041868672160074,0,Lentigo
64066.0,1293.0,0.4815489316197424,23.80307786498188,0.0189801301762217,0,Lentigo
60461.0,893.0,0.9527572718942152,17.448329564728503,0.044341900697959,0,Lentigo
33803.0,1605.0,0.1648978662385586,26.815714391676437,0.3840669743225653,0,Lentigo
57332.0,932.0,0.8294211995782296,16.71723566608807,0.0433607172134721,0,Lentigo
63848.0,1085.0,0.6815499424371759,23.85504154301963,0.0180112452818368,0,Lentigo
47118.0,3243.0,0.0562992765943541,15.030424989232754,0.2182559052611473,0,Lentigo
60878.0,968.0,0.8164310735487648,16.280769703751666,0.0138307133822828,0,Lentigo
16391.0,1560.0,0.0846381413297013,6.641991667836926,0.5362981942410933,0,Lentigo
63763.0,1383.0,0.4189230394922457,26.116498100881444,0.0117778056583652,0,Lentigo
47236.0,1835.0,0.1762831656155647,9.524342050411589,0.1133433537269513,0,Lentigo
44631.0,3072.0,0.0594297713056632,4.419812893975073,0.161879369062556,0,Lentigo
60843.0,1195.0,0.535407774576394,17.000484379427178,0.075981197817369,0,Lentigo
39872.0,3122.0,0.0514057958559606,10.706287707065158,0.2206505655456073,0,Lentigo
14388.0,768.0,0.3065404941124806,20.42243632775084,0.3338661477517548,0,Lentigo
51959.0,2448.0,0.1089551646054082,12.391779117597654,0.1435912240184757,0,Lentigo
53873.0,1914.0,0.1847979536220959,13.15328688423147,0.0708505030255782,0,Lentigo
56666.0,1679.0,0.2525986522485047,17.694190334608475,0.0749995588261245,0,Lentigo
7509.0,1062.0,0.0836648303694686,33.25440471375336,0.292276964047936,0,Lentigo
55330.0,1742.0,0.2291259258636473,13.35453572407716,0.1091612296904086,0,Lentigo
46282.0,1496.0,0.2598715848205603,9.938394989646556,0.1593241578981483,0,Lentigo
58457.0,1107.0,0.599447489861752,14.28951394024368,0.0340928529884703,0,Lentigo
6617.0,852.0,0.1145491337080587,17.128909946913854,0.4032940465397401,0,Lentigo
42261.0,2743.0,0.0705826594873894,14.796158257337636,0.2610619469026549,0,Lentigo
14248.0,1050.0,0.1623996811912829,9.49583804857878,0.2911081479402063,0,Lentigo
52324.0,1794.0,0.2042988507541331,18.55754843512813,0.0601242236024844,0,Lentigo
60928.0,1384.0,0.3997188287236436,16.63810755416696,0.0401450869044297,0,Lentigo
13178.0,710.0,0.3285055186590461,15.168439636738656,0.3513164883526823,0,Lentigo
13464.0,1286.0,0.1023062179082135,10.447999668068787,0.9558113627924248,0,Lentigo
64575.0,994.0,0.821299408546089,30.04973976249589,0.0141383795837462,0,Lentigo
51884.0,1389.0,0.3379393957539524,10.76489425806444,0.2110822010214898,0,Lentigo
43342.0,1155.0,0.4082769327168196,11.018102965541065,0.056664282583116,0,Lentigo
11781.0,1107.0,0.1208083014533982,28.458969024539947,0.2053131896112714,0,Lentigo
64784.0,1200.0,0.5653470513060033,15.78615910738474,0.0100331866944508,0,Lentigo
54361.0,1535.0,0.2899215792070702,10.009415695792075,0.0512306390493359,0,Lentigo
59106.0,1729.0,0.2484571200877733,23.502208974919,0.1036425465680883,0,Lentigo
40327.0,3112.0,0.052327092299365,10.036212117524933,0.1380430470144812,0,Lentigo
52756.0,1181.0,0.4753154469698626,13.683996882080136,0.0835528934548969,0,Lentigo
51427.0,1015.0,0.6272908748910667,16.66955396959342,0.0793147701641129,0,Lentigo
637.0,128.0,0.4885728809415767,18.71810726191667,0.1959247648902821,0,Lentigo
11706.0,1549.0,0.0613077740701485,20.17654880203306,0.2584778337746647,0,Lentigo
55853.0,1928.0,0.1888175290552748,21.14132905428796,0.0510796003867225,0,Lentigo
64209.0,986.0,0.8299500211658843,30.682778384390986,0.0168042361002959,0,Lentigo
63806.0,979.0,0.8365771533352615,15.262295405397648,0.0255144419891234,0,Lentigo
41219.0,3136.0,0.0526690163230805,8.401143513068462,0.1925521591460456,0,Lentigo
45748.0,1596.0,0.2256920193912504,7.365946960753784,0.077815908544449,0,Lentigo
58601.0,1005.0,0.7290927297562554,19.846362461909926,0.0179004129551892,0,Lentigo
41854.0,3021.0,0.0576295705733909,11.16869141557964,0.3546051845657627,0,Lentigo
55976.0,981.0,0.7309265042009901,23.52903125647457,0.1177626525179984,0,Lentigo
40694.0,2362.0,0.0916601277532014,9.841071443974036,0.1718638653397223,0,Lentigo
49325.0,1589.0,0.2454873758637462,12.955246255154565,0.206240116774115,0,Lentigo
58722.0,1500.0,0.3279655178739553,15.649841067877256,0.070057728658277,0,Lentigo
1569.0,161.0,0.7606433198537689,24.04118091392794,0.2872611464968153,0,Lentigo
52748.0,1605.0,0.2573154053886191,18.171081458592237,0.0776507611518701,0,Lentigo
61132.0,1425.0,0.3783108000723939,17.720051506445287,0.0709927535046537,0,Lentigo
53473.0,1577.0,0.2701973139810698,22.10430013506734,0.1530650409544825,0,Lentigo
63961.0,1130.0,0.6294601228483256,27.163947465912297,0.0130858947500078,0,Lentigo
7335.0,399.0,0.5789808384138575,21.1141551572201,0.2245092693565976,0,Lentigo
60108.0,897.0,0.938765791692488,16.27039927487213,0.0271506762714402,0,Lentigo
36829.0,1944.0,0.1224636698325315,11.278045725084548,0.5334509910399131,0,Lentigo
33468.0,719.0,0.8135454932216798,22.641828470939068,0.3467686515880367,0,Lentigo
49931.0,1097.0,0.5213950129553359,20.30777292576568,0.0836537691260113,0,Lentigo
10238.0,1076.0,0.111122101641258,17.967476480968468,0.2953413419279226,0,Lentigo
38514.0,2593.0,0.0719819249698235,8.108511440345655,0.4405036998571985,0,Lentigo
16384.0,596.0,0.5796118872620059,31.53446886913186,0.221910283796155,0,Lentigo
8981.0,567.0,0.3510495677536703,11.84949943177215,0.1201291471832554,0,Lentigo
28066.0,2039.0,0.0848312630682092,11.333234010519426,0.5330102967898244,0,Lentigo
4979.0,316.0,0.6265818707828705,40.452043129438536,0.1311244979919678,0,Lentigo
55148.0,1020.0,0.6660997757023065,20.89466094347303,0.1318972238843859,0,Lentigo
7082.0,616.0,0.2345332177930818,20.18783448394993,0.2552590710151066,0,Lentigo
48134.0,2250.0,0.1194804312398152,15.54697625312009,0.2051729510751012,0,Lentigo
27608.0,2291.0,0.0660989608477307,10.795155127869917,0.7818464993299287,0,Lentigo
34969.0,914.0,0.5260180968229748,21.74105500579938,0.334257935373177,0,Lentigo
52704.0,1994.0,0.1665724346709098,16.759844263325856,0.0911109002940897,0,Lentigo
64688.0,1238.0,0.5303863012556511,10.575557449555374,0.0102954134396883,0,Lentigo
32236.0,2514.0,0.0640944557929029,10.081101235608404,0.3134286689208053,0,Lentigo
58699.0,1248.0,0.4735996753088718,16.447547073424932,0.0251959114139693,0,Lentigo
64543.0,1152.0,0.6111587777314996,32.26646161605067,0.0153848537431829,0,Lentigo
11416.0,526.0,0.5185042682904347,19.102630530277644,0.8187790137514234,0,Lentigo
61871.0,1156.0,0.5818102006389234,24.309421000956974,0.0215768037238169,0,Lentigo
50718.0,2423.0,0.1085588302667377,20.09419982378759,0.2197204203552909,0,Lentigo
14208.0,907.0,0.2170342317182846,26.05321224674539,0.458723344359209,0,Lentigo
20237.0,1999.0,0.0636400346553433,14.015600017170655,0.2976084593339262,0,Lentigo
40122.0,2536.0,0.0783960063087313,12.321612629498574,0.3829225132716896,0,Lentigo
11436.0,576.0,0.433150723216301,17.98520306441984,0.1720730960916324,0,Lentigo
62412.0,1380.0,0.4118317174875996,18.49630037374863,0.0296733052408953,0,Lentigo
8848.0,554.0,0.3622725670732381,19.021564537370725,0.5489885862809357,0,Lentigo
35475.0,2859.0,0.0545385964812054,14.892273705008462,0.2788082083662194,0,Lentigo
28808.0,1345.0,0.2001144288544708,19.4876132482478,0.3750911173591586,0,Lentigo
61698.0,1761.0,0.2500127967160044,12.447548074831648,0.0563056127327833,0,Lentigo
55643.0,1228.0,0.4636856625102039,7.845065238237373,0.07337718352383,0,Lentigo
33774.0,2896.0,0.0506052119337501,7.168971232171153,0.6207549962990377,0,Lentigo
35298.0,2820.0,0.0557778469324543,13.601804609643988,0.3544576333607184,0,Lentigo
55004.0,1143.0,0.529068221776902,13.30095725972169,0.1139532769748204,0,Lentigo
55259.0,2115.0,0.1552358921759745,28.48402718367373,0.1390336590662323,0,Lentigo
53789.0,2312.0,0.126452574235777,15.39856866324206,0.0786205614426473,0,Lentigo
9936.0,798.0,0.196072038530337,26.522029779588543,0.4421857703532253,0,Lentigo
64228.0,1225.0,0.5378511299085788,18.928098450786983,0.0106493951330395,0,Lentigo
42078.0,1093.0,0.4426134728367958,20.58398440603221,0.2417833123410727,0,Lentigo
17261.0,624.0,0.5570659803748913,15.107196145073337,0.2383848916695632,0,Lentigo
53108.0,1956.0,0.1744343895421635,13.84929954712483,0.0677474627652563,0,Lentigo
39517.0,2050.0,0.1181642516520241,15.90410216319027,0.4765170302140796,0,Lentigo
11808.0,1443.0,0.0712612680877037,12.3864947451837,0.411550512321111,0,Lentigo
7712.0,496.0,0.3939249893419043,16.282871027651176,0.2618955011020355,0,Lentigo
30830.0,1475.0,0.1780735218802382,17.825305752026754,0.4782199734033927,0,Lentigo
13194.0,928.0,0.1925264448548218,22.48578820622893,0.2238726790450928,0,Lentigo
60678.0,1719.0,0.2580413873949896,22.70917877764974,0.0800606470113218,0,Lentigo
59127.0,1214.0,0.5041483321404148,18.837397239753106,0.0226457854146935,0,Lentigo
43190.0,1317.0,0.3129114954514976,17.742765627244335,0.2285661364636151,0,Lentigo
10483.0,659.0,0.3033364645248749,19.82230032271189,0.1984929416253338,0,Lentigo
40446.0,3078.0,0.053647342146045,14.1535712112356,0.1940811432244666,0,Lentigo
48962.0,2141.0,0.1342257004534484,9.265159064602916,0.1244204807711945,0,Lentigo
16474.0,987.0,0.2125076752606098,25.50345232810019,0.7447647951441578,0,Lentigo
55110.0,1592.0,0.2732462108585223,21.22990819342337,0.1247663805773802,0,Lentigo
56641.0,2081.0,0.1643601828880641,32.88604188409515,0.1560502807104269,0,Lentigo
47828.0,2903.0,0.0713178123600706,9.959587855144592,0.2731815425787702,0,Lentigo
49255.0,2585.0,0.0926273186865544,18.044235032718568,0.1283701477992528,0,Lentigo
9765.0,485.0,0.521673329999861,17.53875235364131,0.1924022117550686,0,Lentigo
50980.0,1689.0,0.2245693055577571,13.398087580372446,0.0577862340872089,0,Lentigo
60447.0,1254.0,0.4830471706018692,31.641917759812333,0.0438558761249338,0,Lentigo
57456.0,920.0,0.8530403946344762,17.31479989401198,0.1085333379744852,0,Lentigo
61800.0,974.0,0.8186163705705604,11.929021087762743,0.045792139285772,0,Lentigo
41582.0,2341.0,0.0953481806656051,19.82900687175602,0.1882981025900007,0,Lentigo
5946.0,378.0,0.5229391651478097,27.8377685250189,0.2209517403732974,0,Queratosis_Seborreica
34285.0,2172.0,0.0913259873090345,24.18447433280856,0.2881934317214023,0,Queratosis_Seborreica
63071.0,1354.0,0.4323169388246474,16.210853817892954,0.0387018011161846,0,Queratosis_Seborreica
14570.0,485.0,0.7783697304759832,21.73852234714986,0.2014961224349735,0,Queratosis_Seborreica
1990.0,189.0,0.7000665581191666,27.31401627493415,0.5565042692114516,0,Queratosis_Seborreica
24932.0,878.0,0.4064226941500963,16.577250315384944,0.1968475514378534,0,Queratosis_Seborreica
28267.0,1513.0,0.1551714172942629,17.75354018738247,0.5170157068062827,0,Queratosis_Seborreica
37777.0,2722.0,0.064070938932648,12.575754056878871,0.3210598761183758,0,Queratosis_Seborreica
62426.0,1154.0,0.5890657257042685,20.69849138609343,0.049786150223461,0,Queratosis_Seborreica
49259.0,1588.0,0.245467759650749,10.577130025574965,0.0635200974421437,0,Queratosis_Seborreica
5813.0,320.0,0.7133624255983386,24.170551995986823,0.8439972480220158,0,Queratosis_Seborreica
39752.0,2652.0,0.0710267279798515,12.755579038824136,0.31977460820567,0,Queratosis_Seborreica
41814.0,2067.0,0.1229845696194453,12.765851513706863,0.1312447686236996,0,Queratosis_Seborreica
49459.0,2032.0,0.1505247061328755,12.902576245036194,0.1454306510311362,0,Queratosis_Seborreica
44726.0,2797.0,0.0718430879320529,16.850743901048524,0.4024861940215082,0,Queratosis_Seborreica
44008.0,2174.0,0.1170098483450222,9.036121344492424,0.2349064963984639,0,Queratosis_Seborreica
64527.0,1077.0,0.6990688194128729,28.802592848411937,0.0112044383833374,0,Queratosis_Seborreica
58045.0,1179.0,0.5247435020337372,14.07474526278736,0.0637253212969024,0,Queratosis_Seborreica
19198.0,1706.0,0.0828910799118989,17.585959467504175,0.7414969529663004,0,Queratosis_Seborreica
54563.0,1413.0,0.3434185744801604,25.14934609488824,0.0966754636756836,0,Queratosis_Seborreica
18734.0,910.0,0.284287389312166,24.078526411491595,0.8940485721910862,0,Queratosis_Seborreica
43210.0,1672.0,0.1942323586937326,16.67704358170376,0.3556501816667052,0,Queratosis_Seborreica
47754.0,1491.0,0.2699381904294571,15.96018806256515,0.0658779185425609,0,Queratosis_Seborreica
37165.0,2183.0,0.0980023590197477,5.125434596775638,0.1954205456600118,0,Queratosis_Seborreica
42395.0,3114.0,0.0549398269521568,6.210274117292991,0.2923153127653552,0,Queratosis_Seborreica
42001.0,2420.0,0.0901236480045249,10.844871532459464,0.156063996952526,0,Queratosis_Seborreica
12160.0,419.0,0.8703930068216036,14.743934513789002,0.2516240440753227,0,Queratosis_Seborreica
46030.0,2673.0,0.0809567232059202,12.247647617750264,0.3323412482891964,0,Queratosis_Seborreica
43163.0,1664.0,0.1958911619748755,11.486121674168912,0.1308729496802891,0,Queratosis_Seborreica
27190.0,1982.0,0.086978471481585,26.02891226508186,0.2029347946011548,0,Queratosis_Seborreica
4275.0,414.0,0.3134334195452954,34.02574489871773,0.3725444340505145,0,Queratosis_Seborreica
48119.0,2279.0,0.116422737544786,11.519035073151027,0.1734206151288445,0,Queratosis_Seborreica
53688.0,1107.0,0.5505437644028558,35.11352384185389,0.0288327217865857,0,Queratosis_Seborreica
46616.0,2304.0,0.1103519265556744,17.75168996376887,0.2097518072806058,0,Queratosis_Seborreica
61422.0,1262.0,0.4846353710403386,20.34023597632061,0.0307702326490077,0,Queratosis_Seborreica
41963.0,1559.0,0.2169622433133005,10.713775499028182,0.0767562672767133,0,Queratosis_Seborreica
39189.0,1652.0,0.1804487839254647,8.470855128018568,0.2684613421791273,0,Queratosis_Seborreica
56488.0,1286.0,0.4292241263516908,16.48757960916093,0.057887376303351,0,Queratosis_Seborreica
38639.0,2238.0,0.0969428041138927,8.213150525238888,0.2440217391304348,0,Queratosis_Seborreica
34316.0,2597.0,0.0639385265636098,13.51237299011158,0.4154209284028324,0,Queratosis_Seborreica
60816.0,954.0,0.8397131742358859,18.001797335226875,0.0129897890392488,0,Queratosis_Seborreica
49026.0,2209.0,0.1262539263815755,12.561926019310883,0.2025006629000346,0,Queratosis_Seborreica
49428.0,2586.0,0.092880781506964,16.380096646432882,0.1802180905945902,0,Queratosis_Seborreica
46316.0,2160.0,0.1247479469681625,13.17458562483232,0.1840360990565019,0,Queratosis_Seborreica
37488.0,1334.0,0.2647222686957289,25.39705276183142,0.132945664061458,0,Queratosis_Seborreica
62670.0,1191.0,0.5551956257446446,12.404827265993816,0.0235196502369517,0,Queratosis_Seborreica
37678.0,2401.0,0.0821321866978278,18.15182637689762,0.4345125932216884,0,Queratosis_Seborreica
13995.0,1106.0,0.1437714036767693,22.04097885979831,0.4367676478993998,0,Queratosis_Seborreica
50576.0,1420.0,0.3151937910096357,49.40348697982847,0.0964074579354252,0,Queratosis_Seborreica
53739.0,1508.0,0.2969591842819936,11.569502652226156,0.089784145887607,0,Queratosis_Seborreica
51539.0,1865.0,0.1862036455644638,15.612431478548594,0.1173263484672099,0,Queratosis_Seborreica
6859.0,705.0,0.1734173050528435,17.25258169286202,0.4185131195335277,0,Queratosis_Seborreica
48332.0,1712.0,0.2072225960418239,13.251299548274478,0.0640969937723708,0,Queratosis_Seborreica
16656.0,562.0,0.6626862278617495,15.737845114897544,0.2029176922615116,0,Queratosis_Seborreica
36666.0,2370.0,0.0820307544991175,9.928783210702012,0.3107426296124581,0,Queratosis_Seborreica
56011.0,1330.0,0.3979054692073444,13.00214041819414,0.0360458473184317,0,Queratosis_Seborreica
59311.0,1227.0,0.4950578882959124,18.048135180121875,0.0689742379282438,0,Queratosis_Seborreica
42748.0,1903.0,0.1483365206809355,18.39130395625566,0.1470443753070247,0,Queratosis_Seborreica
57520.0,1330.0,0.4086254947922096,23.504487438880336,0.0804228021070565,0,Queratosis_Seborreica
37620.0,2664.0,0.0666131873021941,11.255476588417974,0.2817575290396321,0,Queratosis_Seborreica
4693.0,378.0,0.4127402458860866,27.464118073078872,0.2396676608436301,0,Queratosis_Seborreica
46682.0,2348.0,0.106405268795857,16.596249239753767,0.1215860163228584,0,Queratosis_Seborreica
10993.0,663.0,0.3142671848188803,26.97065939616568,0.2225759505184646,0,Queratosis_Seborreica
36430.0,2150.0,0.0990357774972643,9.41081988660384,0.2508852351019736,0,Queratosis_Seborreica
43965.0,1251.0,0.3530224479475099,17.458279313052575,0.3327343856616476,0,Queratosis_Seborreica
30561.0,2443.0,0.0643473240384961,9.76514459805182,0.4250703487991623,0,Queratosis_Seborreica
53240.0,1412.0,0.3355664375709631,8.54810032269004,0.0535301741139347,0,Queratosis_Seborreica
27362.0,1930.0,0.0923087956052768,12.45495385900064,0.1739575338961371,0,Dermatofibroma
54163.0,1482.0,0.3098961408178101,20.126325200311623,0.0905213795140683,0,Dermatofibroma
33265.0,1548.0,0.1744437761179958,11.349006652538318,0.3807791739313413,0,Dermatofibroma
13771.0,625.0,0.4430118137096708,16.800779024140425,0.2026575660760964,0,Dermatofibroma
16680.0,1091.0,0.1760988051119954,10.467522964375656,0.3232420118697919,0,Dermatofibroma
20604.0,1251.0,0.1654423863871373,14.732426304660832,0.1273477311332201,0,Dermatofibroma
56645.0,1663.0,0.2573872007714778,15.239255956365287,0.0577092822088055,0,Dermatofibroma
13207.0,1153.0,0.1248404792684881,12.343619688961985,0.1633101150817686,0,Dermatofibroma
19140.0,1147.0,0.182820529168495,13.997043207196032,0.1194294968914894,0,Dermatofibroma
17185.0,1181.0,0.1548316012619813,11.036629169808151,0.4165599906900966,0,Dermatofibroma
50743.0,1510.0,0.2796611306891923,19.02654238540479,0.0949668926375532,0,Dermatofibroma
14837.0,902.0,0.2291621486684517,15.921813356633104,0.6513681089095565,0,Dermatofibroma
24300.0,2241.0,0.0608040383914413,13.17104267494977,0.2204847537138389,0,Dermatofibroma
61962.0,1443.0,0.3739406074907098,15.58228096365928,0.0540967997030485,0,Dermatofibroma
26855.0,2051.0,0.0802238868979053,5.727295963664588,0.2548033958891867,0,Dermatofibroma
48850.0,2325.0,0.1135608194263282,10.663295081233649,0.2398313238214161,0,Dermatofibroma
61899.0,1081.0,0.6656441338177626,23.256109393043317,0.0249596122778675,0,Dermatofibroma
42106.0,3211.0,0.0513184155377024,12.710328298897329,0.1851473626712898,0,Dermatofibroma
28773.0,1445.0,0.1731646803495918,13.658837847732078,0.2741711267116146,0,Dermatofibroma
15148.0,889.0,0.2408583120862443,10.95073289482869,0.128193280084494,0,Dermatofibroma
52577.0,1327.0,0.3752008557932558,13.693363131008082,0.041138879379208,0,Dermatofibroma
45804.0,2569.0,0.0872137702592726,12.954493854668144,0.2879598297129134,0,Dermatofibroma
59064.0,1307.0,0.4344917596711663,13.280994554165376,0.0319647845593837,0,Dermatofibroma
28557.0,1413.0,0.1797372620902432,14.16001133934298,0.2006793192800616,0,Dermatofibroma
47656.0,2350.0,0.1084405537343414,9.893825336260669,0.2590595295549447,0,Dermatofibroma
45630.0,2532.0,0.0894402346853184,6.290010552160775,0.1981547632092218,0,Dermatofibroma
19119.0,1154.0,0.1804111685794366,14.973916362220162,0.1788179916317991,0,Dermatofibroma
49029.0,2091.0,0.1409142241432826,11.129149579253998,0.0745461962064042,0,Dermatofibroma
60655.0,1450.0,0.3625270913740573,20.50166420419469,0.0306482458454233,0,Dermatofibroma
55549.0,1200.0,0.484756473095165,10.234231955690824,0.0512511251125112,0,Dermatofibroma
25467.0,1050.0,0.2902746126402585,10.575958673523791,0.1368383854248468,0,Dermatofibroma
36611.0,1284.0,0.2790560277961586,12.85802617840001,0.1721566699442805,0,Dermatofibroma
20167.0,1611.0,0.0976472645117045,10.622469414712173,0.4847778659262197,0,Dermatofibroma
11651.0,785.0,0.2375930610213781,10.617449381453012,0.3713525575008582,0,Dermatofibroma
19135.0,1171.0,0.1753575787959685,30.807211809224665,0.2591450668896321,0,Dermatofibroma
64035.0,1948.0,0.2120554178377258,17.888083589655388,0.0229714535573739,0,Dermatofibroma
34974.0,2837.0,0.0546055138331544,18.41040009823825,0.4372837741243746,0,Dermatofibroma
41713.0,1771.0,0.1671260570298514,12.465663552716205,0.1942992760224385,0,Dermatofibroma
61281.0,1277.0,0.4722303691284967,15.261965916594264,0.0385594464932606,0,Dermatofibroma
18649.0,853.0,0.3220826647102828,9.901442742561796,0.6569973190348526,0,Dermatofibroma
44999.0,1622.0,0.2149369228272886,22.563872418825724,0.4504666666666667,0,Dermatofibroma
63276.0,993.0,0.8063997499051173,13.655411520580625,0.0313858115903092,0,Dermatofibroma
8082.0,403.0,0.6253434680667379,16.576426449948517,0.1083756031176543,0,Dermatofibroma
8009.0,951.0,0.1112825640953543,13.754000889555453,0.4143570536828964,0,Dermatofibroma
23703.0,968.0,0.3178794595145433,18.593052628088333,0.1443216334795815,0,Dermatofibroma
15804.0,874.0,0.2599884289980734,12.996478977395526,0.7906358747231889,0,Dermatofibroma
64049.0,1254.0,0.5118316579793724,13.63318123688046,0.0162217017954722,0,Dermatofibroma
23432.0,1310.0,0.1715839381362765,21.46316944751681,0.5251568301113814,0,Dermatofibroma
25103.0,1775.0,0.1001241345867116,11.048324224771214,0.4209289356277884,0,Dermatofibroma
28410.0,1247.0,0.2295874745123302,18.126055911350004,0.2156207102882686,0,Dermatofibroma
32741.0,1520.0,0.1780797871731014,14.035503715838544,0.1701484332050577,0,Dermatofibroma
54505.0,1516.0,0.2980216435138847,17.955715975504695,0.0684878728947271,0,Dermatofibroma
35626.0,2923.0,0.0523985533478988,6.532127043645688,0.3241923260448536,0,Dermatofibroma
49805.0,2030.0,0.1518765532888831,10.55689837990368,0.1188812592860298,0,Dermatofibroma
54743.0,1775.0,0.2183442417113633,14.768023896443076,0.087699108578109,0,Dermatofibroma
25777.0,1839.0,0.0957808699039204,14.702890920747214,0.2799674140740166,0,Dermatofibroma
46801.0,2649.0,0.0838110111314502,10.94993142856471,0.0910431178154779,0,Dermatofibroma
62442.0,1022.0,0.7512506787100764,12.056010613256138,0.0360008327594766,0,Dermatofibroma
47652.0,2004.0,0.1491061520958689,10.94028094691859,0.2377604767800558,0,Dermatofibroma
36954.0,1278.0,0.2843214405351604,12.672689827501168,0.0775537816263022,0,Dermatofibroma
19595.0,1059.0,0.2195650503114791,14.00751909118692,0.192539293733415,0,Dermatofibroma
60103.0,1353.0,0.412582136892602,18.3227438837522,0.0631738320244908,0,Dermatofibroma
26495.0,1528.0,0.1426024803268509,13.828285383607108,0.231544384057971,0,Dermatofibroma
10768.0,891.0,0.1704470553841439,14.597904575174203,0.149503203640078,0,Dermatofibroma
41687.0,2521.0,0.0824261120197309,25.489934312848117,0.2355354058721934,0,Dermatofibroma
55574.0,968.0,0.7452994592693427,24.560032948134427,0.0315609536662168,0,Dermatofibroma
11195.0,628.0,0.3567094989344165,28.29624854486592,0.3412826009289031,0,Dermatofibroma
52905.0,1191.0,0.4686871641937199,17.545348697548707,0.1522511624390428,0,Dermatofibroma
32743.0,2829.0,0.0514117559406198,5.477937081258099,0.4911739555338382,0,Dermatofibroma
57130.0,1221.0,0.4815515223946346,17.89300101680582,0.0288109782779926,0,Dermatofibroma
44886.0,1783.0,0.1774263354678418,14.37809364947856,0.0509724419096843,0,Dermatofibroma
64637.0,1146.0,0.6184745311869603,19.31237077733918,0.0119898511711377,0,Dermatofibroma
19368.0,826.0,0.3567258207219783,15.372692938521771,0.2580411998554391,0,Dermatofibroma
27812.0,880.0,0.4513118537274758,18.19923037459176,0.1900550102470068,0,Dermatofibroma
12515.0,709.0,0.3128587080846601,19.9692637534548,0.496564397571109,0,Dermatofibroma
37772.0,2698.0,0.0652072604155035,5.639859003559993,0.261350700235618,0,Dermatofibroma
21954.0,1058.0,0.246463259911558,17.91627410427777,0.4797995900705989,0,Dermatofibroma
59967.0,1325.0,0.4292303576397445,21.38031875659296,0.0433731323372465,0,Dermatofibroma
51102.0,1018.0,0.6196582064441066,9.654237374961012,0.0223861612821165,0,Dermatofibroma
48729.0,1129.0,0.4804071685024317,16.922231537772277,0.0679047814487995,0,Dermatofibroma
63663.0,1349.0,0.4396155691869319,10.395151358454845,0.0120476250314149,0,Nevus_Comun
59338.0,1092.0,0.6253130488759783,22.06038334256185,0.0872276243280136,0,Nevus_Comun
39158.0,2420.0,0.0840232806019186,5.014323482183431,0.4030235705712607,0,Nevus_Comun
63298.0,945.0,0.890709808961347,53.68388003385552,0.0131123714434667,0,Nevus_Comun
4659.0,900.0,0.0722799020892585,25.415008031640117,0.7010729613733906,0,Nevus_Comun
58027.0,1767.0,0.233543015281231,14.04000072729737,0.090008271868753,0,Nevus_Comun
43626.0,1814.0,0.1666021852643209,9.5701159862673,0.2752882389346047,0,Nevus_Comun
23914.0,668.0,0.6734559030258015,28.49602629573743,0.2292285176667363,0,Nevus_Comun
14754.0,554.0,0.6040878678343756,24.757434959724904,0.6022365299898339,0,Nevus_Comun
22666.0,932.0,0.3279086881608901,26.41743093499748,0.1564388758988838,0,Nevus_Comun
20142.0,512.0,0.9655450321747684,20.69287613191323,0.1088219232487712,0,Nevus_Comun
58789.0,868.0,0.980542645373072,15.980994378008704,0.056046946759653,0,Nevus_Comun
10659.0,425.0,0.7415637059014777,28.919392903050547,0.1032833020637898,0,Nevus_Comun
62330.0,1362.0,0.4222335860459413,9.644682037868616,0.0507291716802233,0,Nevus_Comun
13242.0,533.0,0.5857455926675942,26.794771455957697,0.2266857962697274,0,Nevus_Comun
6323.0,290.0,0.944793833467218,22.7110767035453,0.1598671726755218,0,Nevus_Comun
13052.0,525.0,0.5950703646571098,19.82021800014631,0.0796751704588983,0,Nevus_Comun
18922.0,672.0,0.5265484710815801,23.63679091669683,0.2073666966125878,0,Nevus_Comun
11650.0,473.0,0.6543551245358641,26.147999004801488,0.2459874688867908,0,Nevus_Comun
6864.0,403.0,0.5311009112608376,33.48931846093814,0.152367079388201,0,Nevus_Comun
63160.0,927.0,0.9236182742615754,14.940880499655847,0.0218805908709488,0,Nevus_Comun
5728.0,438.0,0.3752015746077508,12.836152403279272,0.25100366556118,0,Nevus_Comun
64603.0,1117.0,0.6506631386502932,13.03312771989702,0.010974552659278,0,Nevus_Comun
3954.0,397.0,0.3152575640298217,20.650651639313548,0.999747155499368,0,Nevus_Comun
19023.0,634.0,0.594717004341158,17.749655714259998,0.1457632464255677,0,Nevus_Comun
26125.0,2052.0,0.0779671124591359,44.55542009452703,0.3275281328944346,0,Nevus_Comun
6164.0,677.0,0.169003289049809,32.817610203869634,0.4632603406326034,0,Nevus_Comun
7638.0,440.0,0.4957744770272487,27.68059052628357,0.4516297944757167,0,Nevus_Comun
28945.0,833.0,0.5241956529540406,24.833785929111794,0.0729979962689145,0,Nevus_Comun
26667.0,1047.0,0.3056966373867721,21.86988490027371,0.1426053697315134,0,Nevus_Comun
27803.0,1374.0,0.1850666051112615,30.02205350189208,0.2650338080851676,0,Nevus_Comun
5405.0,315.0,0.6845173410996355,34.626908369153945,0.5044395116537181,0,Nevus_Comun
19729.0,723.0,0.4742838561677123,22.93748650889251,0.2108971109984794,0,Nevus_Comun
9320.0,355.0,0.9293281025655822,28.799983892773867,0.3883703465293423,0,Nevus_Comun
19433.0,841.0,0.3452691082452968,25.730928277731245,0.2043326129463826,0,Nevus_Comun
41844.0,1656.0,0.1917442691148149,58.29825780688814,0.5086390249731151,0,Nevus_Comun
25944.0,1195.0,0.2283026692242323,29.86671720144499,0.1636538832144922,0,Nevus_Comun
18778.0,644.0,0.5689675055853279,21.851179900836662,0.3421907449810959,0,Nevus_Comun
10342.0,396.0,0.8287509239726977,24.486638245978583,0.1543072609494344,0,Nevus_Comun
41357.0,1090.0,0.4374273120933021,22.463850719960742,0.0921949804149136,0,Nevus_Comun
19043.0,719.0,0.4629002876604651,20.47889394079188,0.364891829447595,0,Nevus_Comun
29096.0,798.0,0.5741658648428629,25.84202065299367,0.1455132831563391,0,Nevus_Comun
26652.0,872.0,0.4404602274822992,27.17151014784954,0.1556297602521292,0,Nevus_Comun
6951.0,353.0,0.7009834132398992,18.56756376690036,0.4003164556962025,0,Nevus_Comun
22185.0,634.0,0.6935707691378118,27.04057130802244,0.0663932209501487,0,Nevus_Comun
61386.0,1045.0,0.7063933760976646,24.893612895309623,0.0674409891345073,0,Nevus_Comun
50443.0,1243.0,0.4102688218303236,12.78973181479051,0.222246451510586,0,Nevus_Comun
41517.0,2785.0,0.0672644242265212,11.069770239141008,0.3790885880822776,0,Nevus_Comun
17045.0,897.0,0.2662085399513951,22.722976727193952,0.1444913762759591,0,Nevus_Comun
4146.0,256.0,0.7949855433217335,22.439669514116986,0.0897034000482276,0,Nevus_Comun
38086.0,2750.0,0.0632863194999647,8.383450759637364,0.4349515582744768,0,Nevus_Comun
9942.0,482.0,0.5377613016647393,20.958268028505923,0.2808005632102987,0,Nevus_Comun
4838.0,254.0,0.9423414506830812,17.830974235574022,0.0723289935937177,0,Nevus_Comun
3633.0,318.0,0.4514618136344179,19.21650069474781,0.2749036873968079,0,Nevus_Comun
7763.0,473.0,0.4360308010104646,33.91465615244618,0.4594281298299845,0,Nevus_Comun
39930.0,2830.0,0.0626521967600246,15.699923168185952,0.1237634920237409,0,Nevus_Comun
17987.0,893.0,0.2834429640522195,18.964736231801364,0.1408160996219702,0,Nevus_Comun
51548.0,938.0,0.7362342329196842,15.875081783783234,0.1291586645715726,0,Nevus_Comun
45060.0,1506.0,0.249661231075267,7.890968122512256,0.4206298129202636,0,Nevus_Comun
49676.0,1250.0,0.3995180970488999,12.12751026729601,0.1942146264871067,0,Nevus_Comun
11205.0,393.0,0.911667817427724,22.93238362467176,0.2112261288595395,0,Nevus_Comun
36673.0,2489.0,0.0743886212295763,10.691513944814432,0.4269782407154933,0,Nevus_Comun
16385.0,903.0,0.2525112949651954,12.10530579159562,0.1293177102404491,0,Nevus_Comun
59556.0,902.0,0.9198612203341858,33.19128211557905,0.0314656547509108,0,Nevus_Comun
59935.0,887.0,0.9572891442998096,22.72530910397539,0.0359883876134543,0,Nevus_Comun
60007.0,881.0,0.971538381155264,20.6822152626639,0.0341121183842154,0,Nevus_Comun
50519.0,2347.0,0.1152493355280646,23.59245293817187,0.1225851148060174,0,Nevus_Comun
59552.0,1290.0,0.4497040459265173,38.95060982293391,0.0370090507615065,0,Nevus_Comun
59633.0,873.0,0.9832592367513644,31.471114159304665,0.0324814703021766,0,Nevus_Comun
39560.0,1608.0,0.1922622666765863,21.49374511528252,0.1025757690654937,0,Nevus_Comun
59459.0,895.0,0.9327846576064194,29.650137902933054,0.0376219307097208,0,Nevus_Comun
59850.0,913.0,0.9022615779490316,19.461852047880782,0.0325809092579906,0,Nevus_Comun
59640.0,895.0,0.9356241608443944,23.978955445333813,0.040877919551986,0,Nevus_Comun
59956.0,901.0,0.9280960685617764,49.63537309237329,0.0331237386793868,0,Nevus_Comun
57191.0,1902.0,0.1986627894611503,13.338853247597717,0.0421212757028955,0,Nevus_Comun
59403.0,896.0,0.9298271504364362,31.336102154709064,0.0384654232038246,0,Nevus_Comun
60604.0,889.0,0.9636240523946892,20.836487955315487,0.0268624700932266,0,Nevus_Comun
59599.0,879.0,0.9693287338430038,36.89977120204535,0.037231543624161,0,Nevus_Comun
60461.0,896.0,0.946387881799528,54.64490034403677,0.0342198405610135,0,Nevus_Comun
59336.0,924.0,0.8733416806909726,30.86907739226049,0.0425366971703995,0,Nevus_Comun
59677.0,880.0,0.9683926900220976,32.09643498349882,0.0346023660310332,0,Nevus_Comun
59715.0,896.0,0.9347108443733784,21.02499234035817,0.033977493469087,0,Nevus_Comun
59978.0,898.0,0.934650344874324,39.16362438244223,0.0299104686640324,0,Nevus_Comun
36593.0,2225.0,0.092885484134073,17.806378202993923,0.2272230420287478,0,Nevus_Comun
59974.0,891.0,0.9493305813158104,27.491126546617316,0.0299791579824927,0,Nevus_Comun
60636.0,904.0,0.9324027534608754,54.34632808855793,0.0322245493675478,0,Nevus_Comun
60148.0,892.0,0.9499513107448314,42.86003013910786,0.0326189961595371,0,Nevus_Comun
58813.0,1173.0,0.5371396016380976,27.624865470082558,0.0448702689835753,0,Nevus_Comun
59725.0,884.0,0.9604206570076902,31.893252228711063,0.0295181328064829,0,Nevus_Comun
59128.0,882.0,0.9551374706087344,38.245993478599146,0.0433628168918804,0,Nevus_Comun
59689.0,902.0,0.9219154473189471,35.12155510846924,0.0357011224660747,0,Nevus_Comun
45275.0,2047.0,0.1357790099646847,20.538446024820068,0.2196086226698471,0,Nevus_Comun
63908.0,1001.0,0.8014878360625048,25.245938636969523,0.0145519410411679,0,Nevus_Comun
59357.0,896.0,0.9291071186380409,19.56417115912367,0.037686579736514,0,Nevus_Comun
59210.0,900.0,0.91858617787186,31.73064102918924,0.0421543294320312,0,Nevus_Comun
60447.0,884.0,0.972030932677168,17.881184832090035,0.0281068025410269,0,Nevus_Comun
60690.0,895.0,0.9520964171972888,51.717974693973815,0.0314708935426999,0,Nevus_Comun
59202.0,905.0,0.908341348690567,24.880545369068653,0.0423289360336469,0,Nevus_Comun
58918.0,894.0,0.9263664597901168,31.186320961921314,0.0530898351974745,0,Nevus_Comun
57318.0,841.0,1.01837774643153,35.58080504118947,0.0356251853661089,0,Nevus_Comun
59207.0,920.0,0.8790372223113936,25.08147403152661,0.0295061478178624,0,Nevus_Comun
59084.0,926.0,0.8658801428597387,30.357919669234416,0.0361174578996361,0,Nevus_Comun
60753.0,884.0,0.9769516312296056,23.77054502420897,0.033561576192514,0,Nevus_Comun
58720.0,1070.0,0.6445080640013718,27.589351040891813,0.044958362425708,0,Nevus_Comun
59608.0,891.0,0.9435371542847374,26.79468651479135,0.040363032427989,0,Nevus_Comun
59027.0,881.0,0.9556717720341256,24.64962179087133,0.0426407806464728,0,Nevus_Comun
60628.0,942.0,0.8585810531048903,48.53410107136132,0.0312061884576687,0,Nevus_Comun
58884.0,950.0,0.8198982462669534,18.180096339512872,0.0464974102063343,0,Nevus_Comun
60392.0,883.0,0.9733473912577696,47.11734310016183,0.0328514894110244,0,Nevus_Comun
58683.0,902.0,0.9063774597500004,19.681374489533816,0.0422772817122213,0,Nevus_Comun
59835.0,891.0,0.947130345366851,44.358523505873215,0.0428003208770639,0,Nevus_Comun
59212.0,906.0,0.906490379098182,34.88070807815912,0.0470842551466738,0,Nevus_Comun
59705.0,897.0,0.9324717440773276,30.220140648249465,0.0377683984859143,0,Nevus_Comun
57274.0,3760.0,0.0509086627551216,10.586459849716531,0.0853077258838935,0,Angioma
26460.0,673.0,0.7341242588925498,17.739811068719543,0.3321869921771664,0,Angioma
57003.0,1552.0,0.2973884811626152,15.16116856851101,0.0475229808434495,0,Angioma
6691.0,303.0,0.9158316263185224,20.36334726410709,0.1579497907949791,0,Angioma
4019.0,302.0,0.5537503124765308,14.644105537223274,0.131592039800995,0,Angioma
4161.0,258.0,0.7855397531150249,13.96812839932979,0.8450264296011533,0,Angioma
6812.0,477.0,0.3762250817478856,27.55868670112276,0.2049023924849552,0,Angioma
3004.0,198.0,0.96289606482846,22.648737379606924,0.3034941763727121,0,Angioma
8596.0,631.0,0.2712985998152291,15.603388531331518,0.998255205304176,0,Angioma
28774.0,2145.0,0.0785878685852762,8.117492342370898,0.6350651607298001,0,Angioma
3536.0,667.0,0.0998781414968094,16.39486709430752,0.7927622278767317,0,Angioma
62032.0,927.0,0.9071230017256816,22.025688980575687,0.043106088694727,0,Angioma
3307.0,214.0,0.9074370604787708,15.463866048628748,0.9017533252720678,0,Angioma
2204.0,255.0,0.4259328079053843,34.6443684597446,0.4589569160997732,0,Angioma
3339.0,205.0,0.9984321589850156,16.52799208148656,0.9997005988023951,0,Angioma
5536.0,271.0,0.9472559976183926,16.08379717092734,0.1531515260971645,0,Angioma
2593.0,184.0,0.9624468042011264,10.086412544513571,0.9996144949884348,0,Angioma
4834.0,358.0,0.473969566725541,16.583138202200548,0.9911065149948294,0,Angioma
3983.0,254.0,0.7758052910439672,16.497468446288856,0.9997489959839356,0,Angioma
5128.0,255.0,0.9910088198451956,18.799075856596847,0.999805030220316,0,Angioma
3591.0,225.0,0.8913745555785441,14.909051626828797,0.9997216035634744,0,Angioma
54661.0,1112.0,0.555492068338439,14.67555146248921,0.0399729245179466,0,Angioma
6016.0,281.0,0.9574256356427197,19.865769064673568,0.9981718464351006,0,Angioma
5966.0,285.0,0.9230035960020538,25.709597013522988,0.1970839617898441,0,Angioma
3095.0,226.0,0.7614714748892168,18.204030610813653,0.9996770025839792,0,Angioma
6910.0,687.0,0.1839816194394586,29.381070113538406,0.1614816958472001,0,Angioma
7737.0,377.0,0.6840687645962255,22.16118846889588,0.0717239596795037,0,Angioma
2954.0,214.0,0.8105742596475018,16.747083034840895,0.2747884940778342,0,Angioma
28543.0,626.0,0.9152944208005948,15.734770131087068,0.2316774103139013,0,Angioma
2084.0,151.0,1.1485599912426874,16.312458234157788,0.9793764988009592,0,Angioma
49466.0,2630.0,0.0898680172924129,10.94833318927526,0.1576808781611983,0,Angioma
6263.0,349.0,0.6461620114591137,15.472282707668978,0.4848339719029374,0,Angioma
4149.0,415.0,0.3027311463433079,17.243467898077355,0.3496385542168674,0,Angioma
57424.0,1077.0,0.6221167555591429,9.988976961770486,0.1412625163256421,0,Angioma
15337.0,629.0,0.4871346147452529,16.117633628092637,0.2727213456774025,0,Angioma
30296.0,805.0,0.5874939456542965,22.5390243503429,0.2649767303693435,0,Angioma
881.0,102.0,1.0641073155757816,26.109612682297065,0.2369614512471655,0,Angioma
13536.0,423.0,0.9506474223628688,11.914635606494858,0.1348895619413459,0,Angioma
15463.0,624.0,0.4990389464420917,20.191163961438036,0.3843119503362648,0,Angioma
1649.0,165.0,0.7611366443738576,24.736299396266737,0.3787878787878788,0,Angioma
1774.0,157.0,0.9044075406658758,16.128375092302257,0.99943661971831,0,Angioma
5064.0,347.0,0.5284995373362028,16.944473434499802,0.1950641658440276,0,Angioma
4056.0,328.0,0.4737618903539634,18.44732903876453,0.728617204831156,0,Angioma
11611.0,552.0,0.4788520308342665,17.642414294594822,0.3622976231484671,0,Angioma
1112.0,185.0,0.4082923045483535,16.995305375716647,0.9991015274034142,0,Angioma
2607.0,182.0,0.9890269349002042,14.39137974485326,0.999616564417178,0,Angioma
10652.0,468.0,0.6111521101986718,30.814679993352858,0.3388716793391533,0,Angioma
6084.0,843.0,0.1075830667710236,20.370287793306176,0.9390304026294166,0,Angioma
42199.0,1533.0,0.22564603874804,11.9462468258231,0.1565165876777251,0,Angioma
9990.0,425.0,0.695020304151962,33.986517099017405,0.7280552497247523,0,Angioma
5423.0,535.0,0.2380904108364741,30.854556771659123,0.116334808259587,0,Angioma
18295.0,613.0,0.6118167022551116,20.45748387282932,0.2251311762133799,0,Angioma
1661.0,142.0,1.0351488588797155,13.022008867361627,0.0643802647412755,0,Angioma
5677.0,353.0,0.5725050837236236,17.445158092983483,0.5158506516379007,0,Angioma
54610.0,1634.0,0.25702652000638,13.267970203553286,0.11250480672392,0,Angioma
48392.0,1846.0,0.1784514339722174,10.760312809639007,0.2176347818899427,0,Angioma
2894.0,246.0,0.6009497745712777,41.45700597915706,0.2556131260794473,0,Angioma
5600.0,403.0,0.433299111751266,19.03183799634709,0.4249241206927334,0,Angioma
8300.0,461.0,0.4907791517035075,33.20332012587044,0.2356342609324178,0,Angioma
11321.0,1006.0,0.1405719576429694,19.212655260535133,0.3169934640522875,0,Angioma
49024.0,1514.0,0.2687613768623381,11.825214334231813,0.1108822029576746,0,Angioma
6781.0,285.0,1.0490927563677384,17.872968410700526,0.1098496018873488,0,Angioma
6553.0,272.0,1.113043720749022,11.993546618495213,0.0978028684772658,0,Angioma
14767.0,731.0,0.347270094303742,17.325451429111283,0.2392334777898158,0,Angioma
47520.0,1349.0,0.3281424351312852,12.350892371511668,0.167546979230235,0,Angioma
63837.0,951.0,0.886995260850935,18.690899829786343,0.0112002255709765,0,Angioma
6289.0,330.0,0.725710787820981,15.320514965843202,0.3992050874403816,0,Angioma
2332.0,174.0,0.9679210025328838,40.99965425458164,0.4474924989284183,0,Angioma
1797.0,144.0,1.0890127311922952,16.697760697546478,0.99944382647386,0,Angioma
56672.0,1107.0,0.5811432017627524,13.577386683561397,0.1159988001341026,0,Angioma
19829.0,863.0,0.3345716093340727,19.573067593969505,0.2465456379223398,0,Angioma
46289.0,1471.0,0.268820458327609,10.175189341618989,0.0623244761287535,0,Angioma
8867.0,446.0,0.560166141675495,25.91476505332392,0.2603743797925124,0,Angioma
5617.0,340.0,0.6105995133291995,21.890295168424256,0.1735493058027767,0,Angioma
5255.0,309.0,0.6916169455541673,14.501596799950145,0.7376331811263318,0,Angioma
37346.0,1697.0,0.1629634732594619,22.09269725230001,0.5202559777224409,0,Angioma
42097.0,1993.0,0.1331822703477923,15.52965329190645,0.0973680459879329,0,Angioma
4937.0,240.0,1.0770863146370009,15.477351895649823,0.2310652085864722,0,Angioma
8108.0,314.0,1.033390126792407,19.003619369478525,0.0693057097052657,0,Angioma
6979.0,317.0,0.8727393099504689,17.922656460588783,0.4224928366762178,0,Angioma
7637.0,458.0,0.4575111667486365,19.696932984894268,0.4473684210526316,0,Angioma
50564.0,1171.0,0.4633802254632535,14.67777506616746,0.2003757539800257,0,Angioma
61950.0,973.0,0.8222909191115416,22.319049986676077,0.0265693854820745,0,Angioma
4058.0,245.0,0.849551552737518,14.369875734264388,0.1488051244148805,0,Angioma
60675.0,970.0,0.8103566128454064,12.948889213712144,0.0535467071000065,0,Angioma
26975.0,589.0,0.9771038574267302,32.31604484613368,0.1740435943060498,0,Angioma
5606.0,555.0,0.228705701368712,16.786598890369543,0.2582486177991795,0,Angioma
10458.0,378.0,0.9197608121620912,22.92026916743766,0.1262070943684864,0,Angioma
55816.0,1538.0,0.2965213051803685,15.918313695024052,0.0818030349176774,0,Angioma
2768.0,201.0,0.8609617054168508,34.45814966242287,0.2383531960996749,0,Angioma
23159.0,724.0,0.5552039335222217,17.034684600578753,0.0992659758203799,0,Angioma
6015.0,306.0,0.8072399423872273,19.14601225069609,0.7960438829787234,0,Angioma
3673.0,262.0,0.6724007818096446,28.360445946727538,0.1848121937942297,0,Angioma
7361.0,473.0,0.4134513366273387,22.732841998860355,0.1115186090736213,0,Angioma
14512.0,463.0,0.8506974905680407,18.55955135520916,0.269275821677117,0,Angioma
8257.0,337.0,0.91363419738453,18.259221269713176,0.2880842819084524,0,Angioma
54385.0,1260.0,0.4304749721982386,26.23278677009193,0.101404773287243,0,Angioma
22958.0,602.0,0.7960694047650078,23.955355309780863,0.2648198963369484,0,Angioma
63657.0,1186.0,0.568704485295182,28.972343032498134,0.0198403971221213,0,Angioma
49051.0,1327.0,0.3500385563557257,17.77272816852758,0.1017083910951643,0,Angioma
23133.0,565.0,0.9106362328200196,21.83110174390418,0.1255727500648396,0,Angioma
64833.0,1011.0,0.7970832279551523,16.9813043213359,0.0108430761637412,0,Angioma
63569.0,1128.0,0.6278227434360997,26.482523963982366,0.0182633317602642,0,Angioma
18710.0,1155.0,0.1762461679463729,36.36723720379529,0.2621987066431511,0,Angioma
63490.0,1019.0,0.7683636715031322,34.591482901579624,0.0319730355483454,0,Angioma
18531.0,749.0,0.4150926894153305,13.579867091561582,0.20737103388733,0,Angioma
50049.0,1023.0,0.6009716719537272,22.98895279267004,0.0578421578421578,0,Angioma
12034.0,448.0,0.7534663184251349,20.46278877288138,0.3582883257166597,0,Angioma
48169.0,1194.0,0.4245890999687627,14.759593557239596,0.0703549927340668,0,Angioma
64452.0,1018.0,0.7815390928287653,36.97822729633648,0.0168184568600375,0,Angioma
9604.0,628.0,0.3060150091796459,37.93061511198401,0.2125976054138469,0,Angioma
12526.0,1257.0,0.0996211878969975,28.71053205559437,0.3830126925840185,0,Angioma
62945.0,928.0,0.9184915167035594,28.95198695913369,0.0199377243986909,0,Angioma
7885.0,438.0,0.5164916926993915,25.20819936017382,0.2243215825513568,0,Angioma
12579.0,454.0,0.7669097787557687,22.135400016735552,0.2517488076311606,0,Angioma
53763.0,1996.0,0.1695790838540287,18.6514300736702,0.0903392604716911,0,Angioma
26960.0,1006.0,0.3347601782576146,36.5656661864092,0.2431660546715626,0,Angioma
58335.0,1007.0,0.7229031632481688,35.31600362892785,0.0827447888096544,0,Angioma
16492.0,457.0,0.9923178189601648,29.86695382379581,0.1600679075971624,0,Angioma
3857.0,299.0,0.5421470840324306,31.87708101214569,0.1588906168999481,0,Angioma
11275.0,407.0,0.8553376638367853,23.437772773313277,0.7633025895707698,0,Angioma
30035.0,2620.0,0.0549838210771921,23.84221050865903,0.506225862298575,0,Angioma
46144.0,1215.0,0.3928009657260848,17.223265458688807,0.1951674070863582,0,Angioma
63250.0,931.0,0.9170035815619504,41.956734446133,0.0261497841931352,0,Angioma
6640.0,326.0,0.7851321171228208,13.602061493376942,0.2126185815389248,0,Angioma
6989.0,396.0,0.5600599697974458,25.30906990593413,0.2662374821173104,0,Angioma
8032.0,369.0,0.7412775227453741,24.827977605939832,0.2546993651188846,1,Melanoma
18690.0,568.0,0.7279851058271329,29.636974168360045,0.1858648547429244,1,Melanoma
9719.0,520.0,0.4516736538496923,27.275940543658315,0.1622427983539094,1,Melanoma
59065.0,873.0,0.9738937638341076,40.17974434543876,0.0385839569295364,1,Melanoma
19317.0,530.0,0.8641672522519621,17.33623182242049,0.0652759084791386,1,Melanoma
63852.0,951.0,0.8872036811857371,55.340159516029,0.0159741907193084,1,Melanoma
22169.0,1140.0,0.2143612420358021,33.00491940266503,0.2083446098331078,1,Melanoma
8071.0,548.0,0.3377350192754438,22.738976751337173,0.4183597621407334,1,Melanoma
4349.0,297.0,0.6195642825771525,26.2878725818073,0.2774712643678161,1,Melanoma
13977.0,474.0,0.7817486606353067,28.40374735190525,0.256188295893547,1,Melanoma
19251.0,737.0,0.4453774068421217,16.958232099444473,0.1637751921878246,1,Melanoma
62715.0,951.0,0.8714054198077351,21.353351865810623,0.0250175393838892,1,Melanoma
17476.0,730.0,0.4121033831047868,24.92205812196493,0.3435372203467414,1,Melanoma
15729.0,601.0,0.5472200890729965,27.05580477711464,0.1191989828353464,1,Melanoma
20839.0,2009.0,0.0648823938946296,59.12163518562225,0.2075335892514395,1,Melanoma
14575.0,702.0,0.3716586141839046,32.32627133909582,0.2545965971459934,1,Melanoma
43862.0,1455.0,0.2603588280190465,41.60738614199245,0.3029888516517338,1,Melanoma
24522.0,1035.0,0.2876636936267503,35.98389751421379,0.2329241936141581,1,Melanoma
24189.0,764.0,0.5207641285716093,28.985077676528302,0.1383629599007854,1,Melanoma
11750.0,613.0,0.3929404892865571,35.587387295899525,0.4185175729725129,1,Melanoma
6149.0,375.0,0.5494799140102724,30.618409145342763,0.8798373983739838,1,Melanoma
16775.0,933.0,0.2421637344709411,36.57072974619064,0.2826061039580353,1,Melanoma
9172.0,897.0,0.1432481506854911,29.74232973482008,0.2825684072822413,1,Melanoma
17469.0,1926.0,0.0591786894597081,39.156144462809706,0.2238694905552375,1,Melanoma
21885.0,1370.0,0.1465261979302309,31.31766031379154,0.2420268664899936,1,Melanoma
19195.0,782.0,0.3944432008271537,25.58010036585757,0.2939674932277558,1,Melanoma
15793.0,1010.0,0.1945502314602239,32.38579043518883,0.2632012156515132,1,Melanoma
12264.0,622.0,0.3983467117133324,31.81257528085025,0.2811251528740318,1,Melanoma
9723.0,570.0,0.3760628546734818,40.887074714984784,0.1496297819827231,1,Melanoma
7208.0,689.0,0.1908034390479901,21.00962932187166,0.2319323068386738,1,Melanoma
29216.0,1237.0,0.2399336830566542,21.377920356591947,0.2518396823766985,1,Melanoma
29216.0,1237.0,0.2399336830566542,21.377920356591947,0.2518396823766985,1,Melanoma
29430.0,1462.0,0.173023614738253,22.81686619334059,0.2175257381672386,1,Melanoma
40974.0,2066.0,0.1206306291117125,22.122511577192856,0.1149481391092129,1,Melanoma
30029.0,1899.0,0.1046407405406941,34.25254954064447,0.5087912087912088,1,Melanoma
25003.0,1084.0,0.2673889282475238,14.930126219368905,0.2591985282354823,1,Melanoma
25993.0,2163.0,0.0698157217258178,15.96367338954524,0.1959298299607601,1,Melanoma
59980.0,889.0,0.9537022418096736,16.200764528540468,0.0346776479218419,1,Melanoma
60332.0,889.0,0.959299160601221,44.39352715106924,0.0287404902789518,1,Melanoma
59332.0,944.0,0.8366712839467358,27.60070423066938,0.0374159405389917,1,Melanoma
20531.0,1756.0,0.0836702263516327,24.74940861013741,0.3237385544515878,1,Melanoma
39736.0,1957.0,0.130380415189261,19.681002203237853,0.3542290560434859,1,Melanoma
9675.0,834.0,0.1747948917037952,20.19195474304212,0.999896651508888,1,Melanoma
26953.0,1674.0,0.1208665339063043,24.88171341454453,0.306336721822364,1,Melanoma
32459.0,1687.0,0.1433226517124692,19.029943812863284,0.5779112754158965,1,Melanoma
60369.0,910.0,0.9160961570079084,16.31938806043841,0.0239026006294517,1,Melanoma
59745.0,879.0,0.9717033038045984,19.891994673550343,0.0392160144612191,1,Melanoma
59151.0,1068.0,0.651672582910722,26.555648391562706,0.0421794698404111,1,Melanoma
17788.0,1626.0,0.0845465522922485,29.131346244803545,0.5878913935578166,1,Melanoma
60958.0,897.0,0.9520410782257052,14.191424384136551,0.0270673731524467,1,Melanoma
22189.0,2131.0,0.0614017423214054,18.373691401803416,0.5562415502478594,1,Melanoma
19279.0,1936.0,0.0646373676325874,21.106070483318945,0.379408713692946,1,Melanoma
42916.0,2177.0,0.1137921341366759,18.66948450983421,0.2061653890066873,1,Melanoma
58878.0,889.0,0.9361800699111366,31.18599798083611,0.0462304047283411,1,Melanoma
60519.0,881.0,0.9798278749001852,57.49744903386371,0.0286351619299405,1,Melanoma
12570.0,812.0,0.2395703587542994,35.73128155985983,0.7070241030944237,1,Melanoma
64188.0,1120.0,0.6430247106142272,16.698706273024307,0.0186013179828319,1,Melanoma
40717.0,2218.0,0.1040069958607504,12.964405669554663,0.4188565253696154,1,Melanoma
54836.0,1410.0,0.346607061520547,16.224709492122212,0.0473767711581596,1,Melanoma
12779.0,717.0,0.3123693564361343,28.43383656369596,0.6257433489827856,1,Melanoma
49714.0,2237.0,0.1248408174708431,11.16409700860165,0.2733179120989641,1,Melanoma
41534.0,2590.0,0.0778061801548566,14.467122603390653,0.2213554833273143,1,Melanoma
33177.0,2839.0,0.0517268690192613,19.425328935531077,0.4433359455060582,1,Melanoma
32844.0,2723.0,0.0556635146689801,17.844596117032875,0.3411782615314355,1,Melanoma
28823.0,2252.0,0.071418754716091,16.505986693490794,0.2342839300582847,1,Melanoma
45893.0,1606.0,0.2235966179926092,8.588058663598611,0.1434828082102235,1,Melanoma
49924.0,2384.0,0.1103841547381148,17.368574663225758,0.2158838257386079,1,Melanoma
44682.0,1643.0,0.2080019188326197,13.031125584208526,0.1024998321509298,1,Melanoma
42598.0,2831.0,0.0667912135712077,15.035008041475775,0.3213690462217423,1,Melanoma
38369.0,2575.0,0.0727169873280945,10.312621867947469,0.3569715923898879,1,Melanoma
56973.0,1017.0,0.6922086892656552,13.766633707502391,0.1001333941798013,1,Melanoma
43129.0,2249.0,0.1071520148427603,17.2849910564164,0.2047994435427776,1,Melanoma
52655.0,2668.0,0.0929560863354514,17.956965553952724,0.1839676390154968,1,Melanoma
54449.0,1428.0,0.3355392713856339,28.95339078849731,0.0928374655647382,1,Melanoma
57183.0,1166.0,0.5285422379371653,24.491148540054784,0.1058163122551762,1,Melanoma
47898.0,1515.0,0.2622418367203981,19.285083527819,0.1327793899663876,1,Melanoma
43438.0,1547.0,0.2280862251255672,11.222268482735371,0.118280807569235,1,Melanoma
64574.0,1115.0,0.6527063211016745,22.435235987106925,0.0148354626403406,1,Melanoma
42557.0,1512.0,0.2339253495122281,15.095189258478529,0.1109779594905775,1,Melanoma
50420.0,1462.0,0.2964271374482744,15.764924612047457,0.0799270145375934,1,Melanoma
48468.0,2577.0,0.0917141036949439,15.176612989204209,0.1520559532897316,1,Melanoma
64400.0,1250.0,0.5179355312414277,17.099322045723248,0.0157140417074269,1,Melanoma
14199.0,714.0,0.3500025428863425,27.529062365512683,0.1340140845070422,1,Melanoma
15750.0,854.0,0.2713780270502182,19.608143948318787,0.3839756205955177,1,Melanoma
12919.0,1000.0,0.1623449419669061,16.6509722302293,0.4335139318885448,1,Melanoma
12896.0,476.0,0.7152386635953317,23.689683851902704,0.1480964565402807,1,Melanoma
8659.0,861.0,0.1467814929696259,19.249004785944816,0.7460739030023095,1,Melanoma
63298.0,1509.0,0.3493183277835557,16.237455818843138,0.0298582916001832,1,Melanoma
62808.0,1924.0,0.213213496858446,13.487027114604592,0.0373194924294289,1,Melanoma
26836.0,1050.0,0.3058785685323744,16.101505341081786,0.2801356336401237,1,Melanoma
11355.0,907.0,0.173453244732624,14.535885505917378,0.247710461430081,1,Melanoma
19145.0,1194.0,0.1687549735078984,23.036023531839447,0.3371461401859396,1,Melanoma
11803.0,751.0,0.2629798038678678,18.032060837559307,0.1746018298881735,1,Melanoma
8609.0,480.0,0.4695481103255995,23.192058669063336,0.1501742160278745,1,Melanoma
64279.0,1306.0,0.4735792025498953,24.40048794966344,0.0170970752955818,1,Melanoma
50824.0,2159.0,0.137016674194109,16.330296643405607,0.1087653713723561,1,Melanoma
11570.0,1090.0,0.1223743018332931,18.156853542398224,0.4141387952640221,1,Melanoma
13232.0,1072.0,0.1446924217263732,13.282308520458532,0.301065518023124,1,Melanoma
12893.0,777.0,0.2683624876905578,27.297593364446797,0.501085776330076,1,Melanoma
21719.0,1763.0,0.0878102198990038,13.739395164854578,0.3235267034990792,1,Melanoma
12541.0,712.0,0.310872313065503,12.233848308636894,0.2934938606282889,1,Melanoma
17358.0,1098.0,0.18092761895618,20.671400402893514,0.2944870096203698,1,Melanoma
26975.0,1135.0,0.263135591470697,9.485591220741505,0.1804937722419929,1,Melanoma
27231.0,803.0,0.5306917834577598,18.86858927892717,0.1502276733254994,1,Melanoma
15836.0,1272.0,0.1229932094810528,12.63180525731032,0.3397108038138536,1,Melanoma
19305.0,896.0,0.3021785623482888,15.860560343077896,0.1934631720708588,1,Melanoma
60330.0,3085.0,0.0796586336000555,14.1870936317491,0.065737348958247,1,Melanoma
41916.0,2619.0,0.0767924809858638,12.726710226648546,0.2288808836510246,1,Melanoma
52438.0,1357.0,0.3578460996073018,17.139678657076463,0.0584297946185091,1,Melanoma
33276.0,2417.0,0.0715793382180688,21.180164655234105,0.4005769750878985,1,Melanoma
23648.0,1933.0,0.0795317562257953,30.384245000058087,0.7056535160049051,1,Melanoma
40855.0,2169.0,0.1091279444457504,16.083875969891274,0.4031476404934404,1,Melanoma
46995.0,1401.0,0.3008744070447331,8.521542480625998,0.1144991063069197,1,Melanoma
21017.0,1111.0,0.2139697948928898,22.54176643473308,0.3929489009420496,1,Melanoma
56870.0,2559.0,0.1091321020613186,13.642203087912172,0.0841553691688206,1,Melanoma
55189.0,1096.0,0.5773528056867944,14.1883031777255,0.0778583076644319,1,Melanoma
49704.0,2222.0,0.1265065742655493,11.187422288081295,0.2733326627099889,1,Melanoma
46537.0,2254.0,0.115106652410982,11.9696354583581,0.2119343332330568,1,Melanoma
46103.0,3029.0,0.0631452233813971,9.73938079887581,0.2490239458615304,1,Melanoma
46296.0,1855.0,0.169069592334369,9.288303303108702,0.1396202777717778,1,Melanoma
60375.0,1212.0,0.5164898225132715,25.657005031372893,0.0558665694978137,1,Melanoma
30850.0,2680.0,0.053975347161531,15.11911185443021,0.4510712780785064,1,Melanoma
50474.0,1329.0,0.3591101046738044,19.46586979059762,0.0594749876176324,1,Melanoma
12336.0,733.0,0.2885202338010544,23.17851989419696,0.1903217962227446,1,Melanoma
43953.0,3054.0,0.0592188980379933,8.690301233809253,0.2046457660281203,1,Melanoma
56304.0,898.0,0.8773975960819624,26.7825373955932,0.0380783234171032,1,Melanoma
16719.0,528.0,0.7536198286181094,27.84733254221846,0.2122607655502392,1,Melanoma
35611.0,2934.0,0.0519844932003212,7.044524223815348,0.3840559362012805,1,Melanoma
27906.0,1448.0,0.1672516189048654,17.94281797937993,0.247679793600172,1,Carcinoma_Espinocelular
51108.0,2239.0,0.1281122217793404,8.948281203497181,0.2265354438552896,1,Carcinoma_Espinocelular
61968.0,1344.0,0.4311007776131402,25.2387903078744,0.0572544336684471,1,Carcinoma_Espinocelular
64269.0,1135.0,0.6269309111484792,10.980212821071932,0.0194336393340594,1,Carcinoma_Espinocelular
61253.0,934.0,0.8823552531779943,16.17463112593687,0.039523949456362,1,Carcinoma_Espinocelular
9301.0,580.0,0.3474429639838129,33.1408203413737,0.2667168350892281,1,Carcinoma_Espinocelular
14876.0,1832.0,0.0556987046333042,15.242943455623209,0.6551051959400417,1,Carcinoma_Espinocelular
63385.0,1447.0,0.3804164569887492,16.634124546303042,0.0310005363960496,1,Carcinoma_Espinocelular
46464.0,2185.0,0.1222991887113792,8.615539478744283,0.247412030560637,1,Carcinoma_Espinocelular
46153.0,2529.0,0.0906801315049137,9.471289018758528,0.1750444165186116,1,Carcinoma_Espinocelular
46730.0,2004.0,0.1462211551968428,10.752045918287983,0.2060302582867903,1,Carcinoma_Espinocelular
16796.0,967.0,0.2257162268391315,29.802349212328664,0.2430195868309817,1,Carcinoma_Espinocelular
51609.0,2101.0,0.1469207725331181,15.628419320420464,0.118988568106956,1,Carcinoma_Espinocelular
43152.0,2450.0,0.0903396959185051,11.208316116480097,0.2582902695061757,1,Carcinoma_Espinocelular
35430.0,2851.0,0.0547755291566664,11.134858123195077,0.4262369111794756,1,Carcinoma_Espinocelular
57179.0,1440.0,0.3465145184020269,29.167177775358496,0.0712661769849597,1,Carcinoma_Espinocelular
61908.0,1107.0,0.6348357801864848,22.403822180677505,0.0585375308921158,1,Carcinoma_Espinocelular
8941.0,1094.0,0.0938774566130909,35.89078213107165,0.214828897338403,1,Carcinoma_Espinocelular
48381.0,1802.0,0.1872298681244883,13.61450598250779,0.2644165185399528,1,Carcinoma_Espinocelular
60225.0,2015.0,0.1863959928944285,21.645051598845846,0.0515225982133962,1,Carcinoma_Espinocelular
36198.0,1772.0,0.1448661787762527,12.417262229965742,0.3438769026768695,1,Carcinoma_Espinocelular
61934.0,1085.0,0.6611188155447948,18.077966797910918,0.039880519899895,1,Carcinoma_Espinocelular
48300.0,1621.0,0.2309888225497882,11.74835023927269,0.1772634106954307,1,Carcinoma_Espinocelular
44852.0,2833.0,0.0702260964231174,8.98028514446819,0.177869930662386,1,Carcinoma_Espinocelular
52346.0,1887.0,0.1847351614719307,6.995951874145624,0.0942556402468145,1,Carcinoma_Espinocelular
15495.0,873.0,0.2554894416424193,36.98675850496864,0.2243804852865255,1,Carcinoma_Espinocelular
38065.0,2557.0,0.0731600918587808,10.22565165814986,0.3255661219986339,1,Carcinoma_Espinocelular
36787.0,2747.0,0.0612614000050133,11.679495443648204,0.3785201696205284,1,Carcinoma_Espinocelular
35339.0,2722.0,0.0599360169134883,9.914760875602012,0.5430390492359932,1,Carcinoma_Espinocelular
63354.0,1358.0,0.431702301911387,15.974494897136172,0.0266119485439191,1,Carcinoma_Espinocelular
31249.0,2308.0,0.073718141729939,13.222078658505271,0.390048,1,Carcinoma_Espinocelular
45862.0,2416.0,0.0987345143023709,16.036282633430194,0.2122844122713298,1,Carcinoma_Espinocelular
64461.0,1060.0,0.7209334426594933,25.115867866631607,0.0166764915764326,1,Carcinoma_Espinocelular
7518.0,564.0,0.2969983095630006,31.987752210370388,0.2649288469211331,1,Carcinoma_Espinocelular
46300.0,1644.0,0.2152718428454831,19.33684038690891,0.3539016435930109,1,Carcinoma_Espinocelular
35985.0,2488.0,0.0730517491285687,13.900556327412216,0.4472016895459345,1,Carcinoma_Espinocelular
58519.0,1003.0,0.7309789892353691,13.480510723972058,0.0446172248803827,1,Carcinoma_Espinocelular
44830.0,2467.0,0.0925636142753945,14.499542670117382,0.2930561441859428,1,Carcinoma_Espinocelular
42950.0,2234.0,0.108145062168282,10.650143199529875,0.1659099904542385,1,Carcinoma_Espinocelular
64223.0,1169.0,0.5905700660021683,28.15900678923008,0.0188870204285002,1,Carcinoma_Espinocelular
41137.0,2584.0,0.0774207656732088,18.36279382796647,0.3382031212018085,1,Carcinoma_Espinocelular
54792.0,1501.0,0.305608643183899,20.98577996599545,0.1573923676382019,1,Carcinoma_Espinocelular
47758.0,2360.0,0.1077536497774643,24.601489579412448,0.1471973868799597,1,Carcinoma_Espinocelular
44113.0,1841.0,0.1635569039307234,12.200008899418965,0.1984630729473636,1,Carcinoma_Espinocelular
43303.0,1986.0,0.137965138323145,15.727489494305525,0.3970764825420284,1,Carcinoma_Espinocelular
44450.0,2764.0,0.0731148430262493,10.803684002996668,0.2100290207194438,1,Carcinoma_Espinocelular
63385.0,1274.0,0.4907468297178666,19.657408183107467,0.0223866468936358,1,Carcinoma_Espinocelular
42090.0,2399.0,0.0919027049026398,16.89186942905951,0.5029578769808273,1,Carcinoma_Espinocelular
47214.0,2491.0,0.095616579733021,5.305344347345104,0.16066927883088,1,Carcinoma_Espinocelular
15380.0,1912.0,0.0528677008151676,17.29788244141013,0.4560171640335478,1,Carcinoma_Espinocelular
15346.0,948.0,0.2145795761985658,17.114382648843744,0.3629373818987424,1,Carcinoma_Espinocelular
22930.0,1066.0,0.2535709568016148,24.192576231482743,0.1921416423182591,1,Carcinoma_Espinocelular
63118.0,1078.0,0.682536013263346,15.799461751706998,0.0378332990066382,1,Carcinoma_Espinocelular
20640.0,850.0,0.3589894664088212,32.47598104812878,0.1280945690615764,1,Carcinoma_Espinocelular
1858.0,162.0,0.8896630316064373,32.80324086543338,0.2592791823561054,1,Carcinoma_Espinocelular
37867.0,2955.0,0.0544948916263912,7.241433624552064,0.3112654483997042,1,Carcinoma_Espinocelular
30881.0,1949.0,0.1021592136004875,11.367095837898438,0.2991062755002914,1,Carcinoma_Espinocelular
11627.0,956.0,0.1598680773414704,26.94120996113772,0.2551599587203302,1,Carcinoma_Espinocelular
34725.0,2136.0,0.0956422141704063,17.400683579868684,0.4705696020272994,1,Carcinoma_Espinocelular
62017.0,1563.0,0.3190087988798518,25.520130113940027,0.0500983585410687,1,Carcinoma_Espinocelular
37523.0,2569.0,0.0714462121526217,11.608834955579646,0.2205255303272572,1,Carcinoma_Espinocelular
62210.0,1602.0,0.3046106208996261,12.808983255470222,0.0500233077751523,1,Carcinoma_Espinocelular
18129.0,1101.0,0.1879356087544206,16.666325947555553,0.4900717043574186,1,Carcinoma_Espinocelular
59476.0,1759.0,0.241557172762971,27.68569190774194,0.0793584074516199,1,Carcinoma_Espinocelular
36766.0,1665.0,0.166658616096287,17.644435756155534,0.4897870372888732,1,Carcinoma_Espinocelular
52385.0,2718.0,0.089108248532689,29.25282405968476,0.1791509181842477,1,Carcinoma_Espinocelular
64236.0,1332.0,0.4549670068627049,9.500828522777926,0.0151937356974952,1,Carcinoma_Espinocelular
63289.0,1090.0,0.6693990655771211,21.663753465583795,0.0296255332595986,1,Carcinoma_Espinocelular
57426.0,1992.0,0.1818610785764014,17.31578950723574,0.0920124680028558,1,Carcinoma_Espinocelular
45589.0,2664.0,0.080723779795846,22.03340029945551,0.3226365431015573,1,Carcinoma_Espinocelular
45573.0,2552.0,0.087933860959778,12.27326518180724,0.2929521218238469,1,Carcinoma_Espinocelular
44247.0,2745.0,0.0737919516622108,8.624926578307873,0.1979976496112818,1,Carcinoma_Espinocelular
22062.0,2182.0,0.05822979374072,15.428258765034863,0.3257036667724244,1,Carcinoma_Espinocelular
35374.0,2605.0,0.0655056228222474,20.60441699217772,0.2249611307420494,1,Carcinoma_Espinocelular
40061.0,2172.0,0.1067116925065548,8.788331786553142,0.1884329289601118,1,Carcinoma_Espinocelular
48146.0,2062.0,0.142296020173585,18.030703866011702,0.2417180717386337,1,Carcinoma_Espinocelular
48799.0,2141.0,0.133778848013313,15.259639208801705,0.1093237704918032,1,Carcinoma_Espinocelular
62098.0,966.0,0.8362444033049949,14.604780474485626,0.0232209858451826,1,Carcinoma_Espinocelular
48279.0,1675.0,0.216241232128544,25.0688374214874,0.2873860811930406,1,Carcinoma_Espinocelular
40633.0,2377.0,0.0903712706689097,10.431528180098038,0.321627208741448,1,Carcinoma_Espinocelular
51486.0,2088.0,0.1484014101403422,14.089041840843938,0.2371472410511391,1,Carcinoma_Espinocelular
52562.0,1495.0,0.2955284939685,11.28386284971738,0.0711527119837147,1,Carcinoma_Espinocelular
49369.0,1325.0,0.3533722468410383,16.023538670913023,0.3271419890621835,1,Carcinoma_Espinocelular
7382.0,723.0,0.1774627921450683,17.798174934973385,0.3158607612081809,1,Carcinoma_Espinocelular
18810.0,1160.0,0.1756639649643995,25.12516172735056,0.4666418584870554,1,Carcinoma_Espinocelular
55098.0,1306.0,0.4059376608549313,18.797475669383065,0.1405833136717544,1,Carcinoma_Espinocelular
52659.0,2195.0,0.1373451798572111,10.203785860641927,0.0929548044056209,1,Carcinoma_Espinocelular
10184.0,959.0,0.1391525086814165,7.469321468821958,0.2260186548846342,1,Carcinoma_Espinocelular
63696.0,1384.0,0.4178783238310991,13.17895045435448,0.0226384288114039,1,Carcinoma_Espinocelular
58805.0,1461.0,0.346197307956863,14.503834001442351,0.0769139203482637,1,Carcinoma_Espinocelular
41802.0,2573.0,0.079346422877389,9.129601996249631,0.3375834270267684,1,Carcinoma_Espinocelular
40502.0,2698.0,0.0699201647079509,9.991281298024711,0.3091129052168975,1,Carcinoma_Espinocelular
48414.0,2157.0,0.1307616944505345,14.199852676763536,0.2977589590003098,1,Carcinoma_Espinocelular
46399.0,1484.0,0.2647589699542883,13.676183598515546,0.1188577586206896,1,Carcinoma_Espinocelular
48237.0,1918.0,0.1647756176665722,13.464715649964177,0.1860151747584891,1,Carcinoma_Espinocelular
58827.0,1293.0,0.4421702463146534,19.742671534995083,0.0636261644115047,1,Carcinoma_Espinocelular
30007.0,2068.0,0.0881721383561135,20.862415501765614,0.4744401492935217,1,Carcinoma_Espinocelular
49407.0,1922.0,0.1680705346558561,11.88263747277352,0.1866701748704663,1,Carcinoma_Espinocelular
19725.0,1202.0,0.1715607517478043,22.547529076790447,0.3808678900942918,1,Carcinoma_Espinocelular
36492.0,2528.0,0.0717552019375392,18.7857761862377,0.477845066177075,1,Carcinoma_Espinocelular
44495.0,3174.0,0.0555018207249743,10.456148033626135,0.1492044228694714,1,Carcinoma_Espinocelular
38054.0,1829.0,0.1429495415603312,17.507212238959454,0.6263040336355276,1,Carcinoma_Espinocelular
16898.0,1294.0,0.1268167494257417,17.044308299550586,0.5567193325048819,1,Carcinoma_Espinocelular
9377.0,728.0,0.2223366313904683,17.016481365242665,0.245574749413521,1,Carcinoma_Espinocelular
56727.0,1904.0,0.1966372502606059,14.353909102952937,0.1384677760541531,1,Carcinoma_Espinocelular
45719.0,2168.0,0.1222328761603461,16.599120233188472,0.3615704286964129,1,Carcinoma_Espinocelular
59282.0,1528.0,0.3190700222206595,9.854986228949269,0.0580604895163874,1,Carcinoma_Espinocelular
33549.0,2506.0,0.0671316482486941,13.455343706520372,0.2631594634873323,1,Carcinoma_Espinocelular
6131.0,817.0,0.1154242515406787,12.665621818081132,0.6492172211350293,1,Carcinoma_Espinocelular
54595.0,1208.0,0.4701418000381966,16.810981285213433,0.069290790534105,1,Carcinoma_Espinocelular
44814.0,2400.0,0.0977689813735923,14.805865426925726,0.2821823050317973,1,Carcinoma_Espinocelular
55623.0,1462.0,0.3270163956026451,23.35830736729561,0.155058967352222,1,Carcinoma_Espinocelular
26698.0,2456.0,0.055620113121585,19.079956639567797,0.350425109554665,1,Carcinoma_Espinocelular
49283.0,2132.0,0.1362487730489967,15.981004284345072,0.2112450288125963,1,Carcinoma_Espinocelular
33669.0,2044.0,0.1012694144225423,17.52218281979969,0.3771012771012771,1,Carcinoma_Espinocelular
42267.0,2189.0,0.1108459333832498,13.728720303457626,0.1379530614176209,1,Carcinoma_Espinocelular
52981.0,1931.0,0.1785523077288577,16.63334768785348,0.0972594466045072,1,Carcinoma_Espinocelular
41382.0,1984.0,0.1321107033595912,8.982767838867055,0.3465674310707295,1,Carcinoma_Espinocelular
29648.0,2093.0,0.0850485295613779,13.162405604147336,0.4707747310195959,1,Carcinoma_Espinocelular
42915.0,2207.0,0.1107170012692292,8.655243604466037,0.110238605648243,1,Carcinoma_Espinocelular
42654.0,2370.0,0.0954273660177101,20.690477506939555,0.5017934591489861,1,Carcinoma_Espinocelular
38564.0,3062.0,0.0516870285354734,12.593157236682668,0.4060676779463243,1,Carcinoma_Espinocelular
55995.0,2070.0,0.1642171165140474,26.13452724764849,0.1283127366240445,1,Carcinoma_Espinocelular
8928.0,402.0,0.6942436873158999,34.78109488481662,0.1693358718781498,1,Carcinoma_Espinocelular
11784.0,674.0,0.325973882220519,23.716955889556303,0.2168858718710224,1,Carcinoma_Espinocelular
24531.0,953.0,0.3394214740669216,18.323597404012663,0.1071661503342572,1,Carcinoma_Espinocelular
43767.0,2236.0,0.110005156849268,8.296179367618102,0.2288201425699141,1,Carcinoma_Espinocelular
63455.0,1469.0,0.3695150409734751,13.027712074147733,0.0324161623802319,1,Carcinoma_Espinocelular
42256.0,2617.0,0.0775337523254977,13.882034359573566,0.4474051636415268,1,Carcinoma_Espinocelular
33287.0,2394.0,0.0729854395526852,10.612481720023627,0.6249399182888729,1,Carcinoma_Espinocelular
52475.0,1502.0,0.2922957131230696,12.978393739394368,0.1260195136824453,1,Carcinoma_Espinocelular
56927.0,1620.0,0.2725826017236796,11.052456026731646,0.0668036818437324,1,Carcinoma_Espinocelular
15236.0,1915.0,0.0522087471263356,24.17654203587123,0.7947758745159809,1,Carcinoma_Espinocelular
62464.0,926.0,0.9154142787148928,18.876320503344665,0.016073000880493,1,Carcinoma_Espinocelular
10677.0,570.0,0.4129613390258937,19.63888104648202,0.1881438471623899,1,Carcinoma_Espinocelular
63474.0,1280.0,0.486839482651266,18.10279521632699,0.0313824340291453,1,Carcinoma_Espinocelular
47017.0,3068.0,0.0627702803357836,14.518044699161193,0.2030073588838317,1,Carcinoma_Espinocelular
34975.0,2500.0,0.0703214099579539,14.064700666631095,0.5268469807868252,1,Carcinoma_Espinocelular
57062.0,1662.0,0.2595940981305645,27.639745469919543,0.0742687906349122,1,Carcinoma_Espinocelular
44956.0,1781.0,0.1781023654890873,14.638568695425809,0.2974397757857508,1,Carcinoma_Espinocelular
36953.0,2533.0,0.0723751016097835,14.11680549931694,0.3915408345510635,1,Carcinoma_Espinocelular
42966.0,2044.0,0.1292328747535999,11.729087820729234,0.218400167570461,1,Carcinoma_Espinocelular
32390.0,2430.0,0.0689299978321552,12.710881434521262,0.4820474823253373,1,Carcinoma_Espinocelular
39411.0,2040.0,0.1190054864192881,9.001052578542163,0.4666852735207551,1,Carcinoma_Espinocelular
33415.0,2255.0,0.0825768357242711,15.083982630194615,0.3477675365094565,1,Carcinoma_Espinocelular
57040.0,2834.0,0.0892461908804529,31.6467808077962,0.1180203713118634,1,Carcinoma_Espinocelular
29666.0,2657.0,0.0528063010845977,13.854083428786096,0.5957461152121887,1,Queratosis_Actinica
57260.0,2534.0,0.1120593209973727,16.68800773199709,0.1257051046960409,1,Queratosis_Actinica
43880.0,1928.0,0.1483414172013224,17.50705915860591,0.4815751692076297,1,Queratosis_Actinica
8507.0,843.0,0.1504288542112259,15.788887489326983,0.5330277385989657,1,Queratosis_Actinica
50136.0,1492.0,0.2830231103515044,12.85641927825133,0.2334802640764305,1,Queratosis_Actinica
53141.0,1204.0,0.4606664805146058,35.47520410041711,0.2327537540928079,1,Queratosis_Actinica
54093.0,1299.0,0.4028400395890074,20.619262482530907,0.2066218064850075,1,Queratosis_Actinica
39731.0,2086.0,0.1147389184710158,14.086235319307216,0.497810329205678,1,Queratosis_Actinica
41049.0,3101.0,0.0536424880624718,8.747228010024802,0.299415347137637,1,Queratosis_Actinica
43920.0,3074.0,0.0584069420762225,7.108450796255083,0.1288222035017417,1,Queratosis_Actinica
41454.0,2512.0,0.0825537939304784,15.714874297700876,0.474345676034254,1,Queratosis_Actinica
45599.0,3256.0,0.0540500861048968,12.169320073014616,0.3088815789473684,1,Queratosis_Actinica
28325.0,1594.0,0.1400887139711983,10.75459698798202,0.1459083527501235,1,Queratosis_Actinica
24542.0,1330.0,0.174347824985925,14.9470863152987,0.3284032106914395,1,Queratosis_Actinica
31869.0,2811.0,0.0506823342799641,10.99617862516975,0.5599937245058049,1,Queratosis_Actinica
63960.0,1212.0,0.5471584107320719,27.0781408095252,0.0215756476602929,1,Queratosis_Actinica
36594.0,2532.0,0.0717285984675552,17.088703345647172,0.2973630277360295,1,Queratosis_Actinica
51553.0,2103.0,0.1464823375256683,18.476168860360183,0.1006905380765798,1,Queratosis_Actinica
42496.0,3065.0,0.0568456137284137,15.371424604191557,0.365861119608443,1,Queratosis_Actinica
48124.0,2438.0,0.1017429157705721,20.92874515613749,0.3088623376623376,1,Queratosis_Actinica
35676.0,2188.0,0.0936464641015723,13.634780764566328,0.1583092748829778,1,Queratosis_Actinica
64322.0,1027.0,0.7663523906679447,25.096268816791504,0.0156709108716944,1,Queratosis_Actinica
12062.0,768.0,0.2569843925482862,18.385495390847414,0.3795075851778164,1,Queratosis_Actinica
58959.0,1697.0,0.2572742307048843,18.031089555134727,0.0800373134328358,1,Queratosis_Actinica
37352.0,3048.0,0.0505235431679677,11.143650461278789,0.425615077771531,1,Queratosis_Actinica
45626.0,2357.0,0.103205560099778,10.907633693858038,0.3113069016152716,1,Queratosis_Actinica
53342.0,2124.0,0.1485833460370288,13.351845553327404,0.1047560129726487,1,Queratosis_Actinica
42480.0,1849.0,0.15614229190233,8.396667010460549,0.1299875238341847,1,Queratosis_Actinica
63584.0,1351.0,0.437771023105627,13.603860584717255,0.0187465597232051,1,Queratosis_Actinica
51549.0,1608.0,0.2505290087186892,20.238859798225462,0.1937730358874878,1,Queratosis_Actinica
22555.0,2280.0,0.0545234089733131,10.592896809071611,0.5183099840397234,1,Queratosis_Actinica
64670.0,1209.0,0.5559812213681423,19.01771331416007,0.013359929489261,1,Queratosis_Actinica
45067.0,2254.0,0.111470690078985,16.38059666241142,0.1329768350048815,1,Queratosis_Actinica
49772.0,1778.0,0.1978478992137007,12.301952870027543,0.1815442107166536,1,Queratosis_Actinica
42204.0,2376.0,0.0939443369951646,4.953817360968258,0.4015637957587963,1,Queratosis_Actinica
27942.0,1939.0,0.0933924426058274,15.304174892397814,0.3598038864831979,1,Queratosis_Actinica
36266.0,2826.0,0.0570643935546867,15.275524013357437,0.2912840874624314,1,Queratosis_Actinica
63659.0,1166.0,0.588399879769197,18.553371666624056,0.0146559849198869,1,Queratosis_Actinica
52755.0,1228.0,0.4396193074731019,24.04984971714523,0.2278603381605883,1,Queratosis_Actinica
48109.0,1712.0,0.2062664874819189,13.265230815554958,0.2896071502806069,1,Queratosis_Actinica
52838.0,2021.0,0.1625637120285272,20.69895132542146,0.0877382236605537,1,Queratosis_Actinica
50011.0,2777.0,0.0814936262405897,13.25826200264692,0.2862712948892266,1,Queratosis_Actinica
55120.0,1336.0,0.3880665026217088,13.616060221460272,0.0740552602456414,1,Queratosis_Actinica
37319.0,2739.0,0.0625109065765894,14.544495061004826,0.2260182207931404,1,Queratosis_Actinica
34790.0,2200.0,0.0903272796846189,15.411471799080315,0.6006151016067374,1,Queratosis_Actinica
48899.0,3044.0,0.0663163394039791,6.984462530443805,0.2077096114519427,1,Queratosis_Actinica
11758.0,1560.0,0.0607147377069506,27.044985723501515,0.5129687898630836,1,Queratosis_Actinica
46737.0,2334.0,0.1078124691886241,7.733487244839614,0.2597244212418161,1,Queratosis_Actinica
43865.0,2351.0,0.0997292928190715,16.568372927338615,0.2393881365978206,1,Queratosis_Actinica
59371.0,1093.0,0.6245164811966681,15.13043819108238,0.0287846122751465,1,Queratosis_Actinica
40606.0,2602.0,0.0753677395273116,17.224259703152743,0.5503484620878174,1,Queratosis_Actinica
17537.0,1951.0,0.0578962756325507,11.518779195232892,0.6272665070133424,1,Queratosis_Actinica
36453.0,2768.0,0.0597875790419141,11.65272254399437,0.4578647062050803,1,Queratosis_Actinica
44241.0,2065.0,0.1303751097444117,15.29532825050365,0.4319651010352154,1,Queratosis_Actinica
36289.0,2505.0,0.0726723834924131,10.23878798921588,0.2959768531275834,1,Queratosis_Actinica
58044.0,913.0,0.8750354391056574,20.52085653825909,0.0655698165216642,1,Queratosis_Actinica
42571.0,3142.0,0.0541890271903793,13.46556920910785,0.3309452222117824,1,Queratosis_Actinica
55617.0,1375.0,0.3696681438459843,21.46929943775895,0.1235031824229566,1,Queratosis_Actinica
54175.0,1600.0,0.2659309093878547,12.302895734502783,0.102646928529238,1,Queratosis_Actinica
6096.0,1056.0,0.0686952939059751,33.26844646939983,0.6636050516647531,1,Queratosis_Actinica
6891.0,666.0,0.1952286969481848,10.540965862373856,0.1704875217643645,1,Queratosis_Actinica
54520.0,1454.0,0.3240685591021789,17.52878144750946,0.1826085361603785,1,Queratosis_Actinica
49556.0,2710.0,0.0847944693243805,8.739061171332079,0.1147769235425873,1,Queratosis_Actinica
27411.0,2001.0,0.0860281465739392,17.422191776134458,0.433569239749015,1,Queratosis_Actinica
33480.0,2900.0,0.0500264076300529,6.817930066343977,0.2892386726800274,1,Queratosis_Actinica
38390.0,3106.0,0.0500063404570229,13.255683572369742,0.5025136099606679,1,Queratosis_Actinica
32735.0,2542.0,0.0636606570684177,11.04787730533329,0.4141312316715542,1,Queratosis_Actinica
51049.0,3347.0,0.0572645270755978,17.539443610558287,0.158765915768854,1,Queratosis_Actinica
62418.0,1632.0,0.2944960025167119,14.021937189582502,0.0324580656530864,1,Queratosis_Actinica
46807.0,3030.0,0.0640671512974011,13.437685891341555,0.2778798495983592,1,Queratosis_Actinica
37642.0,2733.0,0.0633290963391171,9.382437573776391,0.2083255851021438,1,Queratosis_Actinica
44182.0,2504.0,0.088549596441798,13.422963875923696,0.2608242989385058,1,Queratosis_Actinica
60716.0,1518.0,0.3311078469093024,21.94747744126588,0.0592255875619678,1,Queratosis_Actinica
34516.0,1675.0,0.1545968716864232,11.291252782984394,0.4217052466900368,1,Queratosis_Actinica
34314.0,2119.0,0.0960327349645415,11.962939767382757,0.4761183156054204,1,Queratosis_Actinica
40088.0,2686.0,0.0698252078409422,11.019746875315477,0.4059467684402205,1,Queratosis_Actinica
42834.0,2911.0,0.0635205259637729,11.786685140026462,0.4042021711217462,1,Queratosis_Actinica
44346.0,1535.0,0.2365089375014575,15.079674286581351,0.1268631474507858,1,Queratosis_Actinica
45971.0,2270.0,0.1121094186793272,15.58872222887202,0.2283346384755938,1,Queratosis_Actinica
37924.0,1138.0,0.3679929324246568,15.682243097299732,0.0711404087013843,1,Queratosis_Actinica
58362.0,1253.0,0.4671301386140015,17.78729115073286,0.040676455973819,1,Queratosis_Actinica
13836.0,1663.0,0.0628689082862418,21.1096145657452,0.3771048637710486,1,Carcinoma_Basocelular
49002.0,2720.0,0.0832311436046751,10.195145557449846,0.1521947635859029,1,Carcinoma_Basocelular
51055.0,2909.0,0.0758159710976399,9.915433883847816,0.1975282043246631,1,Carcinoma_Basocelular
50424.0,2420.0,0.1081973007066537,8.22706128281586,0.2937828458106098,1,Carcinoma_Basocelular
57606.0,1982.0,0.1842766395060016,12.882470071630667,0.0826982831947506,1,Carcinoma_Basocelular
57324.0,2011.0,0.1781239060595677,11.091253696424154,0.0741735717400785,1,Carcinoma_Basocelular
50257.0,1226.0,0.4201704291505213,14.051560898129448,0.2675195988698317,1,Carcinoma_Basocelular
52334.0,1510.0,0.2884296477048695,13.250080140141264,0.2079678991114932,1,Carcinoma_Basocelular
50070.0,1986.0,0.1595250785358952,14.162863822281984,0.1348085718280042,1,Carcinoma_Basocelular
61185.0,1163.0,0.5684540944229581,25.15320831982336,0.0570555355800346,1,Carcinoma_Basocelular
6000.0,474.0,0.3355864608865879,24.30958552122165,0.3752707882019663,1,Carcinoma_Basocelular
58978.0,1682.0,0.2619678056153336,9.622667370473918,0.0558503874260329,1,Carcinoma_Basocelular
42313.0,2350.0,0.0962826328303086,7.02741383498425,0.3331994139055632,1,Carcinoma_Basocelular
35448.0,2637.0,0.0640591750369913,6.049044601150223,0.609890264887585,1,Carcinoma_Basocelular
7027.0,415.0,0.5127239733319896,30.43976169032752,0.1301935116676152,1,Carcinoma_Basocelular
53820.0,2053.0,0.1604632775684047,11.638346273453708,0.1307668010627821,1,Carcinoma_Basocelular
46953.0,3240.0,0.0562060660966322,9.075931340973526,0.1275503684457128,1,Carcinoma_Basocelular
50708.0,1429.0,0.3120483482520306,15.873986642938744,0.2069060719004516,1,Carcinoma_Basocelular
4962.0,621.0,0.1616900977552962,9.838570398457437,0.3969373362885351,1,Carcinoma_Basocelular
42176.0,2352.0,0.0958077448616629,8.66956484676372,0.4637124499134599,1,Carcinoma_Basocelular
54193.0,1542.0,0.2864074494794129,16.89084548423963,0.0550429936893383,1,Carcinoma_Basocelular
15855.0,1251.0,0.1273096989015755,13.087697004513346,0.2620459132189707,1,Carcinoma_Basocelular
48671.0,1873.0,0.1743430256331723,16.281349843638708,0.1037762984878369,1,Carcinoma_Basocelular
6902.0,824.0,0.1277410246905737,15.917222795383806,0.395769955091989,1,Carcinoma_Basocelular
11283.0,1246.0,0.0913268266747747,19.90046856648829,0.6152959943282524,1,Carcinoma_Basocelular
53416.0,1302.0,0.3959672421352295,16.020844084554874,0.093078982346444,1,Carcinoma_Basocelular
55266.0,1779.0,0.219440104059943,24.741826576149887,0.1690339624007092,1,Carcinoma_Basocelular
59353.0,1781.0,0.2351390181260299,9.232946476266385,0.0652862486100347,1,Carcinoma_Basocelular
10966.0,567.0,0.428639300744544,21.788731672085323,0.3413877997629251,1,Carcinoma_Basocelular
15679.0,1120.0,0.1570696148457728,13.5319390129949,0.2049107142857142,1,Carcinoma_Basocelular
50329.0,2003.0,0.1576399421462122,8.714652352277161,0.1399364196304391,1,Carcinoma_Basocelular
42458.0,1893.0,0.1488909046966935,9.139198653448862,0.0770154737511481,1,Carcinoma_Basocelular
15439.0,683.0,0.4158987584167928,18.53286006481053,0.2689766839378238,1,Carcinoma_Basocelular
47805.0,2638.0,0.0863244070908935,18.6465068624874,0.2629586244404468,1,Carcinoma_Basocelular
9238.0,1502.0,0.0514574139653343,16.692596788555807,0.4180106072085723,1,Carcinoma_Basocelular
47577.0,2415.0,0.1025115139966936,25.39907565461306,0.1898566564378494,1,Carcinoma_Basocelular
44364.0,2380.0,0.0984207446394023,7.395889659672582,0.290318945114392,1,Carcinoma_Basocelular
37492.0,2248.0,0.0932300374301779,13.302413827338734,0.4693676152881871,1,Carcinoma_Basocelular
43629.0,2467.0,0.0900838261704481,12.475202844515492,0.2172129268851707,1,Carcinoma_Basocelular
25293.0,2045.0,0.0760017484230693,16.20216100597119,0.309203763738436,1,Carcinoma_Basocelular
23674.0,2077.0,0.0689617881806443,16.662664250460168,0.2915311510031679,1,Carcinoma_Basocelular
7278.0,549.0,0.3034430719583082,14.504557944231252,0.2151394422310757,1,Carcinoma_Basocelular
63685.0,1377.0,0.4220648028564849,12.660148273361528,0.0262695097823697,1,Carcinoma_Basocelular
52428.0,2714.0,0.089444464463803,9.99977799987935,0.1374048713498254,1,Carcinoma_Basocelular
59455.0,971.0,0.7924279543175622,14.85201053280704,0.0449239773950484,1,Carcinoma_Basocelular
60979.0,1001.0,0.764754440058451,16.414139805663048,0.0149393243686454,1,Carcinoma_Basocelular
4689.0,534.0,0.206636759565747,33.74554278815106,0.7247334754797441,1,Carcinoma_Basocelular
58831.0,1263.0,0.4634569438180935,16.394036797218227,0.04930989937449,1,Carcinoma_Basocelular
45019.0,1700.0,0.1957527469508081,11.219888294741608,0.2335184362505553,1,Carcinoma_Basocelular
15620.0,869.0,0.2599269678867026,23.709701061566765,0.1555598233147685,1,Carcinoma_Basocelular
61053.0,967.0,0.8204723027631279,14.67278899813182,0.0139057228027647,1,Carcinoma_Basocelular
11596.0,850.0,0.2016880742479016,22.07034359718436,0.1496938863499181,1,Carcinoma_Basocelular
7057.0,691.0,0.185726505191898,15.407646404954605,0.3821195806177387,1,Carcinoma_Basocelular
55921.0,1451.0,0.3337720515595743,16.975547534438075,0.1219019348378098,1,Carcinoma_Basocelular
39306.0,3029.0,0.0538356755575384,10.32797951572675,0.3388709390184954,1,Carcinoma_Basocelular
55985.0,1578.0,0.282531938217706,9.882341826851627,0.0865037687993427,1,Carcinoma_Basocelular
55732.0,1451.0,0.3326439794981884,25.028376669185374,0.1725369170868246,1,Carcinoma_Basocelular
54365.0,2199.0,0.1412793856336857,38.29388317384579,0.1747599602692859,1,Carcinoma_Basocelular
50514.0,1896.0,0.1765814008877615,7.533477887559275,0.1895278630109868,1,Carcinoma_Basocelular
32830.0,2646.0,0.0589252002436987,4.651360393091733,0.5470439523620968,1,Carcinoma_Basocelular
25065.0,1805.0,0.0966769989330691,10.74712104584014,0.2729992818957951,1,Carcinoma_Basocelular
49066.0,1293.0,0.3688021708683901,12.437057096193492,0.1925122791285385,1,Carcinoma_Basocelular
45200.0,2556.0,0.0869413941128785,8.13707979139005,0.3322050397115108,1,Carcinoma_Basocelular
41168.0,2899.0,0.0615563984550034,16.670579608395464,0.4132721222278899,1,Carcinoma_Basocelular
60158.0,1376.0,0.3992697295300136,16.43199475402398,0.083877724031317,1,Carcinoma_Basocelular
13326.0,697.0,0.3447022488404915,11.716352790427203,0.2696780970961207,1,Carcinoma_Basocelular
4780.0,311.0,0.6210362954956715,16.905651528359773,0.3367496339677892,1,Carcinoma_Basocelular
56252.0,897.0,0.8785428447841526,20.749423629178494,0.1073364976090164,1,Carcinoma_Basocelular
50178.0,1640.0,0.234442052605337,15.542771738643388,0.0709460132724845,1,Carcinoma_Basocelular
51441.0,2208.0,0.1325931622930061,17.552180058156917,0.1610940476653318,1,Carcinoma_Basocelular
19199.0,1268.0,0.1500548252949836,12.547474770609044,0.25828125,1,Carcinoma_Basocelular
57110.0,1330.0,0.4057128304517227,13.173674544291618,0.0647160792141618,1,Carcinoma_Basocelular
8518.0,552.0,0.351292877327214,25.97824820576561,0.2401690339241695,1,Carcinoma_Basocelular
41470.0,972.0,0.5515836311553486,19.862224873971986,0.0788502809191965,1,Carcinoma_Basocelular
63008.0,1303.0,0.4663550962855909,20.753573908085603,0.0229808440064117,1,Carcinoma_Basocelular
8750.0,416.0,0.6353766577041117,29.43457588314189,0.5768483601874071,1,Carcinoma_Basocelular
37857.0,2615.0,0.0695685053281802,15.621050345623676,0.3102910877489566,1,Carcinoma_Basocelular
26884.0,1439.0,0.1631481535158198,10.126611657445302,0.2527059698716756,1,Carcinoma_Basocelular
10181.0,746.0,0.2298913584241796,19.307784448176424,0.4958750736593989,1,Carcinoma_Basocelular
50667.0,2417.0,0.1089887705702275,16.455558540084805,0.1611865477224283,1,Carcinoma_Basocelular
41064.0,3076.0,0.0545379052418959,10.199885030568456,0.2287105807865579,1,Carcinoma_Basocelular
18021.0,1937.0,0.0603572590395514,22.129897757530262,0.7498057929197647,1,Carcinoma_Basocelular
63157.0,996.0,0.8000418026433871,16.180307507746335,0.0330441115931473,1,Carcinoma_Basocelular
53487.0,1421.0,0.3328663914065874,16.48727223606659,0.131225695483099,1,Carcinoma_Basocelular
60862.0,1822.0,0.23038772616042,16.36193534430996,0.0541215516816456,1,Carcinoma_Basocelular
51572.0,1427.0,0.3182554809776471,18.14201027805701,0.101564772264557,1,Carcinoma_Basocelular
52000.0,1880.0,0.1848832254262893,7.848488824421074,0.1206130651333628,1,Carcinoma_Basocelular
41056.0,1905.0,0.1421662600679604,10.322004511234462,0.128699125605865,1,Carcinoma_Basocelular
63093.0,1528.0,0.3395817433954333,23.846378502860496,0.0386883063365771,1,Carcinoma_Basocelular
61241.0,1714.0,0.2619572981901977,19.17087814342944,0.0628816825054701,1,Carcinoma_Basocelular
47941.0,1663.0,0.2178374047521479,16.803889766484414,0.1701013724917608,1,Carcinoma_Basocelular
35085.0,2298.0,0.0834893915784019,11.824517243432163,0.280425240836801,1,Carcinoma_Basocelular
51367.0,2181.0,0.135700902220605,17.18701232847324,0.1896316773088304,1,Carcinoma_Basocelular
39539.0,3016.0,0.054622663183748,16.997705317763938,0.541704602933738,1,Carcinoma_Basocelular
20798.0,2234.0,0.0523678929680076,15.05498583428803,0.3425164671378432,1,Carcinoma_Basocelular
10154.0,610.0,0.3429156872297851,21.6129046983453,0.1536189069423929,1,Carcinoma_Basocelular
46976.0,2827.0,0.0738642480407591,12.375218402204348,0.2327521978840709,1,Carcinoma_Basocelular
42736.0,2926.0,0.0627270828739406,6.516416838327509,0.3133584481830732,1,Carcinoma_Basocelular
4777.0,366.0,0.4481288813102344,29.86831920471039,0.1651318543323566,1,Carcinoma_Basocelular
48129.0,2050.0,0.1439159669954771,5.973905569229816,0.1286307916060669,1,Carcinoma_Basocelular
2277.0,192.0,0.7761942786701345,24.164218457705932,0.2383669885864793,1,Carcinoma_Basocelular
55052.0,2427.0,0.117447401505366,6.095402448197668,0.0958349227108422,1,Carcinoma_Basocelular
45058.0,1624.0,0.214688966283835,10.636667231236942,0.1536208082735968,1,Carcinoma_Basocelular
44212.0,3136.0,0.0564934265672636,6.79010116670804,0.1763282292538393,1,Carcinoma_Basocelular
39986.0,2194.0,0.1043865583907395,14.29378259523294,0.3992797659239253,1,Carcinoma_Basocelular
15873.0,705.0,0.4013198546586654,26.940951263544665,0.2123598336903112,1,Carcinoma_Basocelular
48201.0,3003.0,0.0671668912708699,8.28765566483056,0.165325090245218,1,Carcinoma_Basocelular
56178.0,2959.0,0.0806280594705848,8.872035914727102,0.0954449171398565,1,Carcinoma_Basocelular
56756.0,2458.0,0.1180477970653221,10.52263031324884,0.1053262152686012,1,Carcinoma_Basocelular
32922.0,1828.0,0.1238065699877461,14.762345789932628,0.7378428454272089,1,Carcinoma_Basocelular
52679.0,1783.0,0.2082306716149899,23.1140973159528,0.148006833712984,1,Carcinoma_Basocelular
50279.0,2265.0,0.1231572783102816,7.114268308718139,0.2059466984884645,1,Carcinoma_Basocelular
50798.0,1780.0,0.2014728236549101,13.489155074385115,0.0909073013248292,1,Carcinoma_Basocelular
50844.0,2717.0,0.0865506427132587,11.361607591301986,0.2655128331202674,1,Carcinoma_Basocelular
25430.0,2102.0,0.072325392771497,17.389349691366313,0.4326216035547167,1,Carcinoma_Basocelular
56250.0,1671.0,0.2531509089142747,10.373882986370043,0.1077669730315905,1,Carcinoma_Basocelular
57004.0,1529.0,0.3064080878472617,15.585194431667972,0.1326199456188053,1,Carcinoma_Basocelular
14196.0,1627.0,0.0673908212412174,10.45994848528052,0.5551877157145876,1,Carcinoma_Basocelular
58479.0,1633.0,0.2755734872559605,16.626937994628573,0.0931771545827633,1,Carcinoma_Basocelular
45383.0,1824.0,0.1714168054087142,14.54524075103764,0.0989555790586991,1,Carcinoma_Basocelular
8974.0,1014.0,0.1096781254675754,24.04563078729289,0.8236211699164345,1,Carcinoma_Basocelular
24034.0,699.0,0.6181324871326672,20.087233843528868,0.2268358643644684,1,Carcinoma_Basocelular
59254.0,1398.0,0.3809896645643574,29.48900245197461,0.1030461564424943,1,Carcinoma_Basocelular
46409.0,2647.0,0.083234656570931,9.592179975560445,0.2158801982331394,1,Carcinoma_Basocelular
11072.0,860.0,0.1881217623609853,20.128614091154013,0.232818567687167,1,Carcinoma_Basocelular
49109.0,1451.0,0.2931137082677193,17.3005349955838,0.1721238037059662,1,Carcinoma_Basocelular
53252.0,1816.0,0.2029149750492,11.12482625185782,0.1062099787805381,1,Carcinoma_Basocelular
4036.0,247.0,0.8313178678482457,26.857016412108653,0.1307901907356948,1,Carcinoma_Basocelular
55445.0,1601.0,0.271825119728474,13.543174273914918,0.0833423511164015,1,Carcinoma_Basocelular
14066.0,1093.0,0.1479585795171436,21.71338197215491,0.7600767754318618,1,Carcinoma_Basocelular
47367.0,2472.0,0.0974066955877267,11.071244931510892,0.0831996284411417,1,Carcinoma_Basocelular
5528.0,641.0,0.1690681651285348,30.4447147523667,0.3288117200217037,1,Carcinoma_Basocelular
40954.0,2714.0,0.0698693178769091,7.064296775262282,0.234354779636186,1,Carcinoma_Basocelular
63470.0,972.0,0.8442009421130933,15.941620379682591,0.0325187881079548,1,Carcinoma_Basocelular
46837.0,2769.0,0.0767631914637566,18.109831428777884,0.2955933216618984,1,Carcinoma_Basocelular
42913.0,3075.0,0.0570306735064044,10.197263618345954,0.2734072796756303,1,Carcinoma_Basocelular
